"Rs","T5","T10","Annual.Rs","Latitude","Longitude","Elevation","MAT","MAP","Forest.type","Longitude.1","Latitude.1","Year","Month"
3.11,22.85,15.5542857142857,1489.36,22.46,106.94,198,22,1350,18,106.94,22.46,2014,10
3.95,20.45,15.5542857142857,923.831388888889,22.46,106.94,198,22,1350,18,106.94,22.46,2014,11
2.35,13.62,15.5542857142857,923.831388888889,22.46,106.94,198,22,1350,18,106.94,22.46,2014,12
2.02,12.17,15.5542857142857,923.831388888889,22.46,106.94,198,22,1350,18,106.94,22.46,2015,1
4.7,13.9,15.5542857142857,923.831388888889,22.46,106.94,198,22,1350,18,106.94,22.46,2015,2
3.1,18.1,15.5542857142857,923.831388888889,22.46,106.94,198,22,1350,18,106.94,22.46,2015,3
4.21,21.01,15.5542857142857,923.831388888889,22.46,106.94,198,22,1350,18,106.94,22.46,2015,4
5.57,24.7,15.5542857142857,923.831388888889,22.46,106.94,198,22,1350,18,106.94,22.46,2015,5
5.62,25.82,15.5542857142857,923.831388888889,22.46,106.94,198,22,1350,18,106.94,22.46,2015,6
6.71,26.21,15.5542857142857,923.831388888889,22.46,106.94,198,22,1350,18,106.94,22.46,2015,7
4.24,26.28,15.5542857142857,923.831388888889,22.46,106.94,198,22,1350,18,106.94,22.46,2015,8
3.3,26.1,15.5542857142857,923.831388888889,22.46,106.94,198,22,1350,18,106.94,22.46,2015,9
2.19,18.8728541226216,22.9,858.73,22.62,108.14,80,21.5,1250,12,108.14,22.62,2013,4
2.23,18.8728541226216,26.04,923.831388888889,22.62,108.14,80,21.5,1250,12,108.14,22.62,2013,5
2.65,18.8728541226216,26.22,923.831388888889,22.62,108.14,80,21.5,1250,12,108.14,22.62,2013,6
3.02,18.8728541226216,27.2,923.831388888889,22.62,108.14,80,21.5,1250,12,108.14,22.62,2013,7
3.48,18.8728541226216,27.23,923.831388888889,22.62,108.14,80,21.5,1250,12,108.14,22.62,2013,8
3.47,18.8728541226216,26.14,923.831388888889,22.62,108.14,80,21.5,1250,12,108.14,22.62,2013,9
2.38,18.8728541226216,21.29,923.831388888889,22.62,108.14,80,21.5,1250,12,108.14,22.62,2013,10
2.29,18.8728541226216,16.44,923.831388888889,22.62,108.14,80,21.5,1250,12,108.14,22.62,2013,11
1.21,18.8728541226216,15.2,923.831388888889,22.62,108.14,80,21.5,1250,12,108.14,22.62,2013,12
1.04,18.8728541226216,12.48,923.831388888889,22.62,108.14,80,21.5,1250,12,108.14,22.62,2014,1
1.24,18.8728541226216,16.58,923.831388888889,22.62,108.14,80,21.5,1250,12,108.14,22.62,2014,2
2.03,18.8728541226216,20.13,923.831388888889,22.62,108.14,80,21.5,1250,12,108.14,22.62,2014,3
2.06,18.8728541226216,21.83,923.831388888889,23.13,108.32,250,22,1304,12,108.32,23.13,2013,10
1.88,18.8728541226216,16.66,923.831388888889,23.13,108.32,250,22,1304,12,108.32,23.13,2013,11
0.87,18.8728541226216,9.9,923.831388888889,23.13,108.32,250,22,1304,12,108.32,23.13,2013,12
0.84,18.8728541226216,11.01,923.831388888889,23.13,108.32,250,22,1304,12,108.32,23.13,2014,1
0.79,18.8728541226216,12.37,923.831388888889,23.13,108.32,250,22,1304,12,108.32,23.13,2014,2
0.84,18.8728541226216,15.58,923.831388888889,23.13,108.32,250,22,1304,12,108.32,23.13,2014,3
1.38,18.8728541226216,23.97,923.831388888889,23.13,108.32,250,22,1304,12,108.32,23.13,2014,4
1.42,18.8728541226216,27.7,923.831388888889,23.13,108.32,250,22,1304,12,108.32,23.13,2014,5
1.92,18.8728541226216,27.19,923.831388888889,23.13,108.32,250,22,1304,12,108.32,23.13,2014,6
1.46,18.8728541226216,25.75,923.831388888889,23.13,108.32,250,22,1304,12,108.32,23.13,2014,7
2.04,18.8728541226216,26.54,923.831388888889,23.13,108.32,250,22,1304,12,108.32,23.13,2014,8
1.84,18.8728541226216,24.95,923.831388888889,23.13,108.32,250,22,1304,12,108.32,23.13,2014,9
4.39,26.29,15.5542857142857,1093.67,23.6,107.48,390,20.3,1350,4,107.48,23.6,2014,9
3.85,24.06,15.5542857142857,923.831388888889,23.6,107.48,390,20.3,1350,4,107.48,23.6,2014,10
3.44,21.29,15.5542857142857,923.831388888889,23.6,107.48,390,20.3,1350,4,107.48,23.6,2014,11
2.38,14.21,15.5542857142857,923.831388888889,23.6,107.48,390,20.3,1350,4,107.48,23.6,2014,12
1.62,12.16,15.5542857142857,923.831388888889,23.6,107.48,390,20.3,1350,4,107.48,23.6,2015,1
1.59,11.09,15.5542857142857,923.831388888889,23.6,107.48,390,20.3,1350,4,107.48,23.6,2015,2
2.16,17,15.5542857142857,923.831388888889,23.6,107.48,390,20.3,1350,4,107.48,23.6,2015,3
1.8,16.53,15.5542857142857,923.831388888889,23.6,107.48,390,20.3,1350,4,107.48,23.6,2015,4
3.02,24.11,15.5542857142857,923.831388888889,23.6,107.48,390,20.3,1350,4,107.48,23.6,2015,5
4.01,25.86,15.5542857142857,923.831388888889,23.6,107.48,390,20.3,1350,4,107.48,23.6,2015,6
2.29,25.84,15.5542857142857,923.831388888889,23.6,107.48,390,20.3,1350,4,107.48,23.6,2015,7
4.2,26.7,15.5542857142857,923.831388888889,23.6,107.48,390,20.3,1350,4,107.48,23.6,2015,8
4.24,25.27,15.5542857142857,1110.55,23.6,107.48,424,20.3,1350,21,107.48,23.6,2014,9
3.58,23.58,15.5542857142857,1153.91,23.6,107.48,424,20.3,1350,21,107.48,23.6,2014,10
2.8,21.76,15.5542857142857,923.831388888889,23.6,107.48,424,20.3,1350,21,107.48,23.6,2014,11
1.12,11.94,15.5542857142857,923.831388888889,23.6,107.48,424,20.3,1350,21,107.48,23.6,2014,12
1.12,12.19,15.5542857142857,923.831388888889,23.6,107.48,424,20.3,1350,21,107.48,23.6,2015,1
1.03,11.42,15.5542857142857,923.831388888889,23.6,107.48,424,20.3,1350,21,107.48,23.6,2015,2
1.7,16.63,15.5542857142857,923.831388888889,23.6,107.48,424,20.3,1350,21,107.48,23.6,2015,3
2.35,19.14,15.5542857142857,923.831388888889,23.6,107.48,424,20.3,1350,21,107.48,23.6,2015,4
4.01,23.21,15.5542857142857,923.831388888889,23.6,107.48,424,20.3,1350,21,107.48,23.6,2015,5
5.3,25.01,15.5542857142857,923.831388888889,23.6,107.48,424,20.3,1350,21,107.48,23.6,2015,6
3.73,25.13,15.5542857142857,923.831388888889,23.6,107.48,424,20.3,1350,21,107.48,23.6,2015,7
4.15,26.21,15.5542857142857,923.831388888889,23.6,107.48,424,20.3,1350,21,107.48,23.6,2015,8
6.23,26.2,15.5542857142857,1075.64,23.6,107.48,400,20.3,1350,32,107.48,23.6,2014,9
3.23,24.17,15.5542857142857,1089,23.6,107.48,400,20.3,1350,32,107.48,23.6,2014,10
2.88,21.55,15.5542857142857,923.831388888889,23.6,107.48,400,20.3,1350,32,107.48,23.6,2014,11
1.43,12.28,15.5542857142857,923.831388888889,23.6,107.48,400,20.3,1350,32,107.48,23.6,2014,12
1.08,11.09,15.5542857142857,923.831388888889,23.6,107.48,400,20.3,1350,32,107.48,23.6,2015,1
0.88,11.08,15.5542857142857,923.831388888889,23.6,107.48,400,20.3,1350,32,107.48,23.6,2015,2
1.63,16.79,15.5542857142857,923.831388888889,23.6,107.48,400,20.3,1350,32,107.48,23.6,2015,3
2.02,19.73,15.5542857142857,923.831388888889,23.6,107.48,400,20.3,1350,32,107.48,23.6,2015,4
3.77,24.06,15.5542857142857,923.831388888889,23.6,107.48,400,20.3,1350,32,107.48,23.6,2015,5
4.54,25.39,15.5542857142857,923.831388888889,23.6,107.48,400,20.3,1350,32,107.48,23.6,2015,6
2.39,25.42,15.5542857142857,923.831388888889,23.6,107.48,400,20.3,1350,32,107.48,23.6,2015,7
3.98,26.42,15.5542857142857,923.831388888889,23.6,107.48,400,20.3,1350,32,107.48,23.6,2015,8
3.51,22.85,15.5542857142857,1044,25.25,107.98,735,15.3,1321,2,107.98,25.25,2011,9
3.09,20.76,15.5542857142857,923.831388888889,25.25,107.98,735,15.3,1321,2,107.98,25.25,2011,9
2.97,17.11,15.5542857142857,923.831388888889,25.25,107.98,735,15.3,1321,2,107.98,25.25,2011,11
2.76,17.07,15.5542857142857,923.831388888889,25.25,107.98,735,15.3,1321,2,107.98,25.25,2011,11
0.93,9.66,15.5542857142857,923.831388888889,25.25,107.98,735,15.3,1321,2,107.98,25.25,2011,12
0.97,8.26,15.5542857142857,923.831388888889,25.25,107.98,735,15.3,1321,2,107.98,25.25,2012,1
0.93,8.28,15.5542857142857,923.831388888889,25.25,107.98,735,15.3,1321,2,107.98,25.25,2012,2
1.75,12.98,15.5542857142857,923.831388888889,25.25,107.98,735,15.3,1321,2,107.98,25.25,2012,3
2.83,16.63,15.5542857142857,923.831388888889,25.25,107.98,735,15.3,1321,2,107.98,25.25,2012,4
4.15,17.56,15.5542857142857,923.831388888889,25.25,107.98,735,15.3,1321,2,107.98,25.25,2012,5
4.56,21.08,15.5542857142857,923.831388888889,25.25,107.98,735,15.3,1321,2,107.98,25.25,2012,6
3.55,22.06,15.5542857142857,923.831388888889,25.25,107.98,735,15.3,1321,2,107.98,25.25,2012,8
4.64,23.77,15.5542857142857,903,25.25,107.98,725,15.3,1321,28,107.98,25.25,2011,7
4.49,23.76,15.5542857142857,923.831388888889,25.25,107.98,725,15.3,1321,28,107.98,25.25,2011,8
3.38,22.79,15.5542857142857,923.831388888889,25.25,107.98,725,15.3,1321,28,107.98,25.25,2011,9
3.25,20.66,15.5542857142857,923.831388888889,25.25,107.98,725,15.3,1321,28,107.98,25.25,2011,9
1.61,16.92,15.5542857142857,923.831388888889,25.25,107.98,725,15.3,1321,28,107.98,25.25,2011,11
2.01,17.25,15.5542857142857,923.831388888889,25.25,107.98,725,15.3,1321,28,107.98,25.25,2011,11
0.72,9.85,15.5542857142857,923.831388888889,25.25,107.98,725,15.3,1321,28,107.98,25.25,2011,12
0.72,7.88,15.5542857142857,923.831388888889,25.25,107.98,725,15.3,1321,28,107.98,25.25,2012,1
0.39,7.8,15.5542857142857,923.831388888889,25.25,107.98,725,15.3,1321,28,107.98,25.25,2012,2
1.08,12.5,15.5542857142857,923.831388888889,25.25,107.98,725,15.3,1321,28,107.98,25.25,2012,3
1.91,16.24,15.5542857142857,923.831388888889,25.25,107.98,725,15.3,1321,28,107.98,25.25,2012,4
2.22,18.57,15.5542857142857,923.831388888889,25.25,107.98,725,15.3,1321,28,107.98,25.25,2012,5
4.65,21.79,15.5542857142857,923.831388888889,25.25,107.98,725,15.3,1321,28,107.98,25.25,2012,6
3.5,22.79,15.5542857142857,923.831388888889,25.25,107.98,725,15.3,1321,28,107.98,25.25,2012,8
4.68,24.36,15.5542857142857,923.831388888889,25.38,107.96,1250,15.3,1750,29,107.96,25.38,2008,8
0.89,21.01,15.5542857142857,923.831388888889,25.38,107.96,1250,15.3,1750,29,107.96,25.38,2008,9
1.29,14.69,15.5542857142857,923.831388888889,25.38,107.96,1250,15.3,1750,29,107.96,25.38,2008,11
1.57,19.71,15.5542857142857,923.831388888889,25.38,107.96,1250,15.3,1750,29,107.96,25.38,2009,3
2.31,16.05,15.5542857142857,923.831388888889,25.38,107.96,1250,15.3,1750,29,107.96,25.38,2009,4
3.26,17.91,15.5542857142857,923.831388888889,25.38,107.96,1250,15.3,1750,29,107.96,25.38,2009,5
5.81,21.88,15.5542857142857,923.831388888889,25.38,107.96,1250,15.3,1750,29,107.96,25.38,2009,6
3.99,23.62,15.5542857142857,923.831388888889,25.38,107.96,1250,15.3,1750,29,107.96,25.38,2009,7
6.18,20.65,15.5542857142857,1174.95,26.53,106.77,1200,14.8,1118,26,106.77,26.53,2008,6
5.56,21.94,15.5542857142857,923.831388888889,26.53,106.77,1200,14.8,1118,26,106.77,26.53,2008,7
4.86,22.46,15.5542857142857,923.831388888889,26.53,106.77,1200,14.8,1118,26,106.77,26.53,2008,8
3.62,22.25,15.5542857142857,923.831388888889,26.53,106.77,1200,14.8,1118,26,106.77,26.53,2008,9
3.73,19.95,15.5542857142857,923.831388888889,26.53,106.77,1200,14.8,1118,26,106.77,26.53,2008,10
2.29,12.97,15.5542857142857,923.831388888889,26.53,106.77,1200,14.8,1118,26,106.77,26.53,2008,11
1.49,8.43,15.5542857142857,923.831388888889,26.53,106.77,1200,14.8,1118,26,106.77,26.53,2008,12
0.83,6.64,15.5542857142857,923.831388888889,26.53,106.77,1200,14.8,1118,26,106.77,26.53,2009,1
1.84,12.18,15.5542857142857,923.831388888889,26.53,106.77,1200,14.8,1118,26,106.77,26.53,2009,2
2.13,12.01,15.5542857142857,923.831388888889,26.53,106.77,1200,14.8,1118,26,106.77,26.53,2009,3
2.39,14.98,15.5542857142857,923.831388888889,26.53,106.77,1200,14.8,1118,26,106.77,26.53,2009,4
2.59,18.75,15.5542857142857,923.831388888889,26.53,106.77,1200,14.8,1118,26,106.77,26.53,2009,5
1.23,5.23,15.5542857142857,923.831388888889,32.66,106.91,1425,13,1350,19,106.91,32.66,2007,4
1.6,8.33,15.5542857142857,923.831388888889,32.66,106.91,1425,13,1350,19,106.91,32.66,2007,5
2.29,13.06,15.5542857142857,923.831388888889,32.66,106.91,1425,13,1350,19,106.91,32.66,2007,6
2.49,15.45,15.5542857142857,923.831388888889,32.66,106.91,1425,13,1350,19,106.91,32.66,2007,7
2.78,17.26,15.5542857142857,923.831388888889,32.66,106.91,1425,13,1350,19,106.91,32.66,2007,8
2.04,15.37,15.5542857142857,923.831388888889,32.66,106.91,1425,13,1350,19,106.91,32.66,2007,9
1.45,8.68,15.5542857142857,923.831388888889,32.66,106.91,1425,13,1350,19,106.91,32.66,2007,10
0.85,2.61,15.5542857142857,923.831388888889,32.66,106.91,1425,13,1350,19,106.91,32.66,2007,11
3.5,18.8728541226216,15.5542857142857,820,29.78,106.34,770,13.6,1612,5,106.34,29.78,2010,7
3.61,18.8728541226216,15.5542857142857,923.831388888889,29.78,106.34,770,13.6,1612,5,106.34,29.78,2010,8
2.9,18.8728541226216,15.5542857142857,923.831388888889,29.78,106.34,770,13.6,1612,5,106.34,29.78,2010,9
2.3,18.8728541226216,15.5542857142857,923.831388888889,29.78,106.34,770,13.6,1612,5,106.34,29.78,2010,10
1.8,18.8728541226216,15.5542857142857,923.831388888889,29.78,106.34,770,13.6,1612,5,106.34,29.78,2010,11
1.38,18.8728541226216,15.5542857142857,923.831388888889,29.78,106.34,770,13.6,1612,5,106.34,29.78,2010,12
1.31,18.8728541226216,15.5542857142857,923.831388888889,29.78,106.34,770,13.6,1612,5,106.34,29.78,2011,3
2.31,18.8728541226216,15.5542857142857,923.831388888889,29.78,106.34,770,13.6,1612,5,106.34,29.78,2011,4
2.76,18.8728541226216,15.5542857142857,923.831388888889,29.78,106.34,770,13.6,1612,5,106.34,29.78,2011,5
3.12,18.8728541226216,15.5542857142857,923.831388888889,29.78,106.34,770,13.6,1612,5,106.34,29.78,2011,6
3.26,18.8728541226216,15.5542857142857,923.831388888889,29.78,106.34,770,13.6,1612,5,106.34,29.78,2011,7
2.5,18.8728541226216,15.5542857142857,923.831388888889,29.78,106.34,770,13.6,1612,5,106.34,29.78,2011,8
2.76,18.8728541226216,15.5542857142857,923.831388888889,29.78,106.34,770,13.6,1612,5,106.34,29.78,2011,9
2.4,18.8728541226216,15.5542857142857,923.831388888889,29.78,106.34,770,13.6,1612,5,106.34,29.78,2011,10
1.55,18.8728541226216,15.5542857142857,923.831388888889,29.78,106.34,770,13.6,1612,5,106.34,29.78,2011,11
1.33,18.8728541226216,15.5542857142857,923.831388888889,29.78,106.34,770,13.6,1612,5,106.34,29.78,2011,12
0.82,18.8728541226216,15.5542857142857,654.7,29.78,106.34,760,13.6,1612,5,106.34,29.78,2011,1
1.01,18.8728541226216,15.5542857142857,923.831388888889,29.78,106.34,760,13.6,1612,5,106.34,29.78,2011,2
1.21,18.8728541226216,15.5542857142857,923.831388888889,29.78,106.34,760,13.6,1612,5,106.34,29.78,2011,3
1.44,18.8728541226216,15.5542857142857,923.831388888889,29.78,106.34,760,13.6,1612,5,106.34,29.78,2011,4
2.23,18.8728541226216,15.5542857142857,923.831388888889,29.78,106.34,760,13.6,1612,5,106.34,29.78,2011,5
2.71,18.8728541226216,15.5542857142857,923.831388888889,29.78,106.34,760,13.6,1612,5,106.34,29.78,2011,6
3.05,18.8728541226216,15.5542857142857,923.831388888889,29.78,106.34,760,13.6,1612,5,106.34,29.78,2011,7
2.35,18.8728541226216,15.5542857142857,923.831388888889,29.78,106.34,760,13.6,1612,5,106.34,29.78,2011,8
1.76,18.8728541226216,15.5542857142857,923.831388888889,29.78,106.34,760,13.6,1612,5,106.34,29.78,2011,9
1.86,18.8728541226216,15.5542857142857,923.831388888889,29.78,106.34,760,13.6,1612,5,106.34,29.78,2011,10
1.24,18.8728541226216,15.5542857142857,923.831388888889,29.78,106.34,760,13.6,1612,5,106.34,29.78,2011,11
0.94,18.8728541226216,15.5542857142857,923.831388888889,29.78,106.34,760,13.6,1612,5,106.34,29.78,2011,12
1.91,15.7,14.04,923.831388888889,29.78,106.34,865,13.6,1612,5,106.34,29.78,2011,4
2.59,18.02,17.87,923.831388888889,29.78,106.34,865,13.6,1612,5,106.34,29.78,2011,5
3.34,21.15,19.27,923.831388888889,29.78,106.34,865,13.6,1612,5,106.34,29.78,2011,6
3.9,22.71,21.39,923.831388888889,29.78,106.34,865,13.6,1612,5,106.34,29.78,2011,7
2.8,23.54,22.21,923.831388888889,29.78,106.34,865,13.6,1612,5,106.34,29.78,2011,8
2.69,18.32,18.41,923.831388888889,29.78,106.34,865,13.6,1612,5,106.34,29.78,2011,9
1.95,18.8728541226216,15.5542857142857,923.831388888889,29.78,106.34,865,13.6,1612,5,106.34,29.78,2011,10
1.49,18.8728541226216,15.5542857142857,923.831388888889,29.78,106.34,865,13.6,1612,5,106.34,29.78,2011,11
1.38,9.28,15.5542857142857,923.831388888889,29.78,106.34,865,13.6,1612,5,106.34,29.78,2011,12
2.01,16.34,15.44,923.831388888889,29.78,106.34,865,13.6,1612,5,106.34,29.78,2012,4
2.25,18.42,17.9,923.831388888889,29.78,106.34,865,13.6,1612,5,106.34,29.78,2012,5
3.08,21.4,19.99,923.831388888889,29.78,106.34,865,13.6,1612,5,106.34,29.78,2012,6
2.45,22.8,21.82,923.831388888889,29.78,106.34,865,13.6,1612,5,106.34,29.78,2012,7
2.21,23.94,22.12,923.831388888889,29.78,106.34,865,13.6,1612,5,106.34,29.78,2012,8
1.82,18.51,18.14,923.831388888889,29.78,106.34,865,13.6,1612,5,106.34,29.78,2012,9
1.95,15.9,14.01,923.831388888889,29.78,106.34,865,13.6,1612,5,106.34,29.78,2013,4
2.4,17.02,16.22,923.831388888889,29.78,106.34,865,13.6,1612,5,106.34,29.78,2013,5
3.3,21.25,19.29,923.831388888889,29.78,106.34,865,13.6,1612,5,106.34,29.78,2013,6
4,22.46,21.63,923.831388888889,29.78,106.34,865,13.6,1612,5,106.34,29.78,2013,7
2.67,23.24,22.27,923.831388888889,29.78,106.34,865,13.6,1612,5,106.34,29.78,2013,8
2.84,18.6,18.5,923.831388888889,29.78,106.34,865,13.6,1612,5,106.34,29.78,2013,9
1.93,15.35,14.69,923.831388888889,29.83,106.37,760,13.6,1611,5,106.37,29.83,2012,4
2.37,16.85,16.3,923.831388888889,29.83,106.37,760,13.6,1611,5,106.37,29.83,2012,5
3.3,19.85,19.45,923.831388888889,29.83,106.37,760,13.6,1611,5,106.37,29.83,2012,6
4.06,21.92,21.9,923.831388888889,29.83,106.37,760,13.6,1611,5,106.37,29.83,2012,7
2.66,22.85,22.57,923.831388888889,29.83,106.37,760,13.6,1611,5,106.37,29.83,2012,8
2.96,18.8728541226216,15.5542857142857,703,29.78,106.34,780,13.6,1612,6,106.34,29.78,2010,7
3.21,18.8728541226216,15.5542857142857,923.831388888889,29.78,106.34,780,13.6,1612,6,106.34,29.78,2010,8
2.58,18.8728541226216,15.5542857142857,923.831388888889,29.78,106.34,780,13.6,1612,6,106.34,29.78,2010,9
1.83,18.8728541226216,15.5542857142857,923.831388888889,29.78,106.34,780,13.6,1612,6,106.34,29.78,2010,10
1.57,18.8728541226216,15.5542857142857,923.831388888889,29.78,106.34,780,13.6,1612,6,106.34,29.78,2010,11
1.13,18.8728541226216,15.5542857142857,923.831388888889,29.78,106.34,780,13.6,1612,6,106.34,29.78,2010,12
1.27,18.8728541226216,15.5542857142857,923.831388888889,29.78,106.34,780,13.6,1612,6,106.34,29.78,2011,3
2.02,18.8728541226216,15.5542857142857,923.831388888889,29.78,106.34,780,13.6,1612,6,106.34,29.78,2011,4
2.33,18.8728541226216,15.5542857142857,923.831388888889,29.78,106.34,780,13.6,1612,6,106.34,29.78,2011,5
2.63,18.8728541226216,15.5542857142857,923.831388888889,29.78,106.34,780,13.6,1612,6,106.34,29.78,2011,6
2.74,18.8728541226216,15.5542857142857,923.831388888889,29.78,106.34,780,13.6,1612,6,106.34,29.78,2011,7
2.28,18.8728541226216,15.5542857142857,923.831388888889,29.78,106.34,780,13.6,1612,6,106.34,29.78,2011,8
2.32,18.8728541226216,15.5542857142857,923.831388888889,29.78,106.34,780,13.6,1612,6,106.34,29.78,2011,9
2.01,18.8728541226216,15.5542857142857,923.831388888889,29.78,106.34,780,13.6,1612,6,106.34,29.78,2011,10
1.35,18.8728541226216,15.5542857142857,923.831388888889,29.78,106.34,780,13.6,1612,6,106.34,29.78,2011,11
1.01,18.8728541226216,15.5542857142857,923.831388888889,29.78,106.34,780,13.6,1612,6,106.34,29.78,2011,12
2.06,16.11,16.16,923.831388888889,29.83,106.37,830,13.6,1611,6,106.37,29.83,2012,4
2.35,17,16.31,923.831388888889,29.83,106.37,830,13.6,1611,6,106.37,29.83,2012,5
3.19,20.11,19.32,923.831388888889,29.83,106.37,830,13.6,1611,6,106.37,29.83,2012,6
4.38,22.36,21.81,923.831388888889,29.83,106.37,830,13.6,1611,6,106.37,29.83,2012,7
3.04,23.41,22.38,923.831388888889,29.83,106.37,830,13.6,1611,6,106.37,29.83,2012,8
2.03,16,15.53,923.831388888889,29.78,106.34,868,13.6,1612,16,106.34,29.78,2011,4
2.87,17.37,16.8,923.831388888889,29.78,106.34,868,13.6,1612,16,106.34,29.78,2011,5
3.38,20.49,20.06,923.831388888889,29.78,106.34,868,13.6,1612,16,106.34,29.78,2011,6
4.04,20.79,19.9,923.831388888889,29.78,106.34,868,13.6,1612,16,106.34,29.78,2011,7
3.01,21.68,20.13,923.831388888889,29.78,106.34,868,13.6,1612,16,106.34,29.78,2011,8
2.16,19.42,18.97,923.831388888889,29.78,106.34,868,13.6,1612,16,106.34,29.78,2011,9
2.05,17.31,16.21,923.831388888889,29.78,106.34,868,13.6,1612,16,106.34,29.78,2012,4
2.47,19.48,18.43,923.831388888889,29.78,106.34,868,13.6,1612,16,106.34,29.78,2012,5
3.18,20.95,19.91,923.831388888889,29.78,106.34,868,13.6,1612,16,106.34,29.78,2012,6
2.68,21.8,20.96,923.831388888889,29.78,106.34,868,13.6,1612,16,106.34,29.78,2012,7
2.28,22.19,21.19,923.831388888889,29.78,106.34,868,13.6,1612,16,106.34,29.78,2012,8
2,19.56,18.82,923.831388888889,29.78,106.34,868,13.6,1612,16,106.34,29.78,2012,9
2.07,16.82,15.93,923.831388888889,29.78,106.34,868,13.6,1612,16,106.34,29.78,2013,4
2.7,17.24,16.21,923.831388888889,29.78,106.34,868,13.6,1612,16,106.34,29.78,2013,5
3.32,20.11,18.99,923.831388888889,29.78,106.34,868,13.6,1612,16,106.34,29.78,2013,6
4.4,22.44,21.55,923.831388888889,29.78,106.34,868,13.6,1612,16,106.34,29.78,2013,7
3.14,23.93,22.47,923.831388888889,29.78,106.34,868,13.6,1612,16,106.34,29.78,2013,8
2.89,18.84,18.54,923.831388888889,29.78,106.34,868,13.6,1612,16,106.34,29.78,2013,9
3.65,18.8728541226216,15.5542857142857,946,29.78,106.34,825,13.6,1612,14,106.34,29.78,2010,7
3.77,18.8728541226216,15.5542857142857,923.831388888889,29.78,106.34,825,13.6,1612,14,106.34,29.78,2010,8
3.26,18.8728541226216,15.5542857142857,923.831388888889,29.78,106.34,825,13.6,1612,14,106.34,29.78,2010,9
2.9,18.8728541226216,15.5542857142857,923.831388888889,29.78,106.34,825,13.6,1612,14,106.34,29.78,2010,10
2.19,18.8728541226216,15.5542857142857,923.831388888889,29.78,106.34,825,13.6,1612,14,106.34,29.78,2010,11
1.87,18.8728541226216,15.5542857142857,923.831388888889,29.78,106.34,825,13.6,1612,14,106.34,29.78,2010,12
1.85,18.8728541226216,15.5542857142857,923.831388888889,29.78,106.34,825,13.6,1612,14,106.34,29.78,2011,3
2.43,18.8728541226216,15.5542857142857,923.831388888889,29.78,106.34,825,13.6,1612,14,106.34,29.78,2011,4
2.94,18.8728541226216,15.5542857142857,923.831388888889,29.78,106.34,825,13.6,1612,14,106.34,29.78,2011,5
3.53,18.8728541226216,15.5542857142857,923.831388888889,29.78,106.34,825,13.6,1612,14,106.34,29.78,2011,6
3.81,18.8728541226216,15.5542857142857,923.831388888889,29.78,106.34,825,13.6,1612,14,106.34,29.78,2011,7
2.71,18.8728541226216,15.5542857142857,923.831388888889,29.78,106.34,825,13.6,1612,14,106.34,29.78,2011,8
2.98,18.8728541226216,15.5542857142857,923.831388888889,29.78,106.34,825,13.6,1612,14,106.34,29.78,2011,9
2.47,18.8728541226216,15.5542857142857,923.831388888889,29.78,106.34,825,13.6,1612,14,106.34,29.78,2011,10
2.28,18.8728541226216,15.5542857142857,923.831388888889,29.78,106.34,825,13.6,1612,14,106.34,29.78,2011,11
1.55,18.8728541226216,15.5542857142857,923.831388888889,29.78,106.34,825,13.6,1612,14,106.34,29.78,2011,12
3.58,18.8728541226216,15.5542857142857,923.831388888889,29.78,106.34,825,13.6,1612,14,106.34,29.78,2012,4
3.75,18.8728541226216,15.5542857142857,923.831388888889,29.78,106.34,825,13.6,1612,14,106.34,29.78,2012,5
5.54,18.8728541226216,15.5542857142857,923.831388888889,29.78,106.34,825,13.6,1612,14,106.34,29.78,2012,6
7.78,18.8728541226216,15.5542857142857,923.831388888889,29.78,106.34,825,13.6,1612,14,106.34,29.78,2012,7
6.08,18.8728541226216,15.5542857142857,923.831388888889,29.78,106.34,825,13.6,1612,14,106.34,29.78,2012,8
4.31,18.8728541226216,15.5542857142857,923.831388888889,29.78,106.34,825,13.6,1612,14,106.34,29.78,2012,9
1.13,18.8728541226216,15.5542857142857,1008.37,29.78,106.34,825,13.6,1612,14,106.34,29.78,2011,1
1.74,18.8728541226216,15.5542857142857,923.831388888889,29.78,106.34,825,13.6,1612,14,106.34,29.78,2011,2
2.11,18.8728541226216,15.5542857142857,923.831388888889,29.78,106.34,825,13.6,1612,14,106.34,29.78,2011,3
2.32,18.8728541226216,15.5542857142857,923.831388888889,29.78,106.34,825,13.6,1612,14,106.34,29.78,2011,4
2.88,18.8728541226216,15.5542857142857,923.831388888889,29.78,106.34,825,13.6,1612,14,106.34,29.78,2011,5
3.62,18.8728541226216,15.5542857142857,923.831388888889,29.78,106.34,825,13.6,1612,14,106.34,29.78,2011,6
4.38,18.8728541226216,15.5542857142857,923.831388888889,29.78,106.34,825,13.6,1612,14,106.34,29.78,2011,7
2.8,18.8728541226216,15.5542857142857,923.831388888889,29.78,106.34,825,13.6,1612,14,106.34,29.78,2011,8
2.71,18.8728541226216,15.5542857142857,923.831388888889,29.78,106.34,825,13.6,1612,14,106.34,29.78,2011,9
3.33,18.8728541226216,15.5542857142857,923.831388888889,29.78,106.34,825,13.6,1612,14,106.34,29.78,2011,10
2.76,18.8728541226216,15.5542857142857,923.831388888889,29.78,106.34,825,13.6,1612,14,106.34,29.78,2011,11
2.21,18.8728541226216,15.5542857142857,923.831388888889,29.78,106.34,825,13.6,1612,14,106.34,29.78,2011,12
2.88,15.68,14.8,923.831388888889,29.78,106.34,870,13.6,1612,14,106.34,29.78,2011,4
3.08,18.08,17.84,923.831388888889,29.78,106.34,870,13.6,1612,14,106.34,29.78,2011,5
3.47,19.73,19.61,923.831388888889,29.78,106.34,870,13.6,1612,14,106.34,29.78,2011,6
3.51,20.86,20.31,923.831388888889,29.78,106.34,870,13.6,1612,14,106.34,29.78,2011,7
3.17,22.31,21.88,923.831388888889,29.78,106.34,870,13.6,1612,14,106.34,29.78,2011,8
2.92,20.24,19.96,923.831388888889,29.78,106.34,870,13.6,1612,14,106.34,29.78,2011,9
2.07,14.09,13.77,923.831388888889,29.78,106.34,870,13.6,1612,14,106.34,29.78,2012,4
2.8,17.68,16.29,923.831388888889,29.78,106.34,870,13.6,1612,14,106.34,29.78,2012,5
3.36,20.59,19.28,923.831388888889,29.78,106.34,870,13.6,1612,14,106.34,29.78,2012,6
3.16,21.17,20.97,923.831388888889,29.78,106.34,870,13.6,1612,14,106.34,29.78,2012,7
2.7,23.37,22.5,923.831388888889,29.78,106.34,870,13.6,1612,14,106.34,29.78,2012,8
2.82,20.79,19,923.831388888889,29.78,106.34,870,13.6,1612,14,106.34,29.78,2012,9
3.12,14.71,13.37,923.831388888889,29.78,106.34,870,13.6,1612,14,106.34,29.78,2013,4
3.2,17.23,16.8,923.831388888889,29.78,106.34,870,13.6,1612,14,106.34,29.78,2013,5
4.71,19.83,19.36,923.831388888889,29.78,106.34,870,13.6,1612,14,106.34,29.78,2013,6
5.99,22.83,22.51,923.831388888889,29.78,106.34,870,13.6,1612,14,106.34,29.78,2013,7
4.8,23.09,22.65,923.831388888889,29.78,106.34,870,13.6,1612,14,106.34,29.78,2013,8
3.77,19.04,18.05,923.831388888889,29.78,106.34,870,13.6,1612,14,106.34,29.78,2013,9
3.06,14.31,14.13,923.831388888889,29.83,106.37,825,13.6,1611,14,106.37,29.83,2012,4
3.23,16.56,16.21,923.831388888889,29.83,106.37,825,13.6,1611,14,106.37,29.83,2012,5
4.61,19.49,19.35,923.831388888889,29.83,106.37,825,13.6,1611,14,106.37,29.83,2012,6
6.1,22.25,21.84,923.831388888889,29.83,106.37,825,13.6,1611,14,106.37,29.83,2012,7
4.94,22.82,22.45,923.831388888889,29.83,106.37,825,13.6,1611,14,106.37,29.83,2012,8
1,18.8728541226216,6.15,923.831388888889,31.47,110.3,2570,5,1100,31,110.3,31.47,2009,5
1.43,18.8728541226216,7.91,923.831388888889,31.47,110.3,2570,5,1100,31,110.3,31.47,2009,6
3.61,18.8728541226216,12.17,923.831388888889,31.47,110.3,2570,5,1100,31,110.3,31.47,2009,7
1.93,18.8728541226216,10.16,923.831388888889,31.47,110.3,2570,5,1100,31,110.3,31.47,2009,8
2,18.8728541226216,10.53,923.831388888889,31.47,110.3,2570,5,1100,31,110.3,31.47,2009,9
1.01,18.8728541226216,5.85,923.831388888889,31.47,110.3,2570,5,1100,31,110.3,31.47,2009,10
0.78,18.8728541226216,3.06,923.831388888889,31.47,110.3,2570,5,1100,31,110.3,31.47,2009,11
1.92,18.8728541226216,9.89,923.831388888889,31.47,110.3,2570,5,1100,31,110.3,31.47,2009,6
3.57,18.8728541226216,12.06,923.831388888889,31.47,110.3,2570,5,1100,31,110.3,31.47,2009,7
1.96,18.8728541226216,7.97,923.831388888889,31.47,110.3,2570,5,1100,31,110.3,31.47,2009,8
1.91,18.8728541226216,8.78,923.831388888889,31.47,110.3,2570,5,1100,31,110.3,31.47,2009,8
2.51,18.8728541226216,12.07,923.831388888889,31.47,110.3,2570,5,1100,31,110.3,31.47,2009,9
1.51,18.8728541226216,9.01,923.831388888889,31.47,110.3,2570,5,1100,31,110.3,31.47,2009,9
1.06,18.8728541226216,6.28,923.831388888889,31.47,110.3,2570,5,1100,31,110.3,31.47,2009,10
0.96,18.8728541226216,5.35,923.831388888889,31.47,110.3,2570,5,1100,31,110.3,31.47,2009,10
0.74,18.8728541226216,4.34,923.831388888889,31.47,110.3,2570,5,1100,31,110.3,31.47,2009,11
0.72,18.8728541226216,1.73,923.831388888889,31.47,110.3,2570,5,1100,31,110.3,31.47,2009,11
0.5,18.8728541226216,0.2,923.831388888889,31.47,110.3,2570,5,1100,31,110.3,31.47,2009,12
0.24,18.8728541226216,0.04,923.831388888889,31.47,110.3,2570,5,1100,31,110.3,31.47,2010,1
0.55,18.8728541226216,0.06,923.831388888889,31.47,110.3,2570,5,1100,31,110.3,31.47,2010,2
0.69,18.8728541226216,1.25,923.831388888889,31.47,110.3,2570,5,1100,31,110.3,31.47,2010,3
1.09,18.8728541226216,2.13,923.831388888889,31.47,110.3,2570,5,1100,31,110.3,31.47,2010,4
0.92,18.8728541226216,5.37,923.831388888889,31.47,110.3,2570,5,1100,31,110.3,31.47,2010,4
2.37,18.8728541226216,11.79,923.831388888889,31.47,110.3,2570,5,1100,31,110.3,31.47,2010,5
1.71,18.8728541226216,6.19,923.831388888889,31.47,110.3,2570,5,1100,31,110.3,31.47,2010,5
1.79,18.8728541226216,7.69,923.831388888889,31.47,110.3,2570,5,1100,31,110.3,31.47,2010,6
2.35,18.8728541226216,10.36,923.831388888889,31.47,110.3,2570,5,1100,31,110.3,31.47,2010,6
3.06,18.8728541226216,12.63,923.831388888889,31.47,110.3,2570,5,1100,31,110.3,31.47,2010,7
5.58,18.8728541226216,15.5542857142857,800,29.78,106.34,800,13.6,1612,25,106.34,29.78,2010,7
5.96,18.8728541226216,15.5542857142857,923.831388888889,29.78,106.34,800,13.6,1612,25,106.34,29.78,2010,8
3.55,18.8728541226216,15.5542857142857,923.831388888889,29.78,106.34,800,13.6,1612,25,106.34,29.78,2010,9
2.62,18.8728541226216,15.5542857142857,923.831388888889,29.78,106.34,800,13.6,1612,25,106.34,29.78,2010,10
1.21,18.8728541226216,15.5542857142857,923.831388888889,29.78,106.34,800,13.6,1612,25,106.34,29.78,2010,11
0.83,18.8728541226216,15.5542857142857,923.831388888889,29.78,106.34,800,13.6,1612,25,106.34,29.78,2010,12
0.95,18.8728541226216,15.5542857142857,923.831388888889,29.78,106.34,800,13.6,1612,25,106.34,29.78,2011,3
1.53,18.8728541226216,15.5542857142857,923.831388888889,29.78,106.34,800,13.6,1612,25,106.34,29.78,2011,4
2.13,18.8728541226216,15.5542857142857,923.831388888889,29.78,106.34,800,13.6,1612,25,106.34,29.78,2011,5
3.7,18.8728541226216,15.5542857142857,923.831388888889,29.78,106.34,800,13.6,1612,25,106.34,29.78,2011,6
4.82,18.8728541226216,15.5542857142857,923.831388888889,29.78,106.34,800,13.6,1612,25,106.34,29.78,2011,7
3.42,18.8728541226216,15.5542857142857,923.831388888889,29.78,106.34,800,13.6,1612,25,106.34,29.78,2011,8
2.72,18.8728541226216,15.5542857142857,923.831388888889,29.78,106.34,800,13.6,1612,25,106.34,29.78,2011,9
2.04,18.8728541226216,15.5542857142857,923.831388888889,29.78,106.34,800,13.6,1612,25,106.34,29.78,2011,10
1.24,18.8728541226216,15.5542857142857,923.831388888889,29.78,106.34,800,13.6,1612,25,106.34,29.78,2011,11
0.88,18.8728541226216,15.5542857142857,923.831388888889,29.78,106.34,800,13.6,1612,25,106.34,29.78,2011,12
0.73,18.8728541226216,15.5542857142857,910.64,29.78,106.34,800,13.6,1612,25,106.34,29.78,2011,1
0.95,18.8728541226216,15.5542857142857,923.831388888889,29.78,106.34,800,13.6,1612,25,106.34,29.78,2011,2
1.15,18.8728541226216,15.5542857142857,923.831388888889,29.78,106.34,800,13.6,1612,25,106.34,29.78,2011,3
1.64,18.8728541226216,15.5542857142857,923.831388888889,29.78,106.34,800,13.6,1612,25,106.34,29.78,2011,4
3.1,18.8728541226216,15.5542857142857,923.831388888889,29.78,106.34,800,13.6,1612,25,106.34,29.78,2011,5
5.04,18.8728541226216,15.5542857142857,923.831388888889,29.78,106.34,800,13.6,1612,25,106.34,29.78,2011,6
5.5,18.8728541226216,15.5542857142857,923.831388888889,29.78,106.34,800,13.6,1612,25,106.34,29.78,2011,7
3.41,18.8728541226216,15.5542857142857,923.831388888889,29.78,106.34,800,13.6,1612,25,106.34,29.78,2011,8
2.77,18.8728541226216,15.5542857142857,923.831388888889,29.78,106.34,800,13.6,1612,25,106.34,29.78,2011,9
1.91,18.8728541226216,15.5542857142857,923.831388888889,29.78,106.34,800,13.6,1612,25,106.34,29.78,2011,10
1.21,18.8728541226216,15.5542857142857,923.831388888889,29.78,106.34,800,13.6,1612,25,106.34,29.78,2011,11
1.01,18.8728541226216,15.5542857142857,923.831388888889,29.78,106.34,800,13.6,1612,25,106.34,29.78,2011,12
2.53,16.67,15.52,923.831388888889,29.78,106.34,855,13.6,1612,25,106.34,29.78,2011,4
3.17,17.91,16.63,923.831388888889,29.78,106.34,855,13.6,1612,25,106.34,29.78,2011,5
4.68,20.57,19.41,923.831388888889,29.78,106.34,855,13.6,1612,25,106.34,29.78,2011,6
5.9,21.44,20.87,923.831388888889,29.78,106.34,855,13.6,1612,25,106.34,29.78,2011,7
5.12,23.18,22.9,923.831388888889,29.78,106.34,855,13.6,1612,25,106.34,29.78,2011,8
3.87,21.16,19.55,923.831388888889,29.78,106.34,855,13.6,1612,25,106.34,29.78,2011,9
2.63,15.89,15.43,923.831388888889,29.78,106.34,855,13.6,1612,25,106.34,29.78,2012,4
3.54,18.58,17.38,923.831388888889,29.78,106.34,855,13.6,1612,25,106.34,29.78,2012,5
5.22,21.92,20.19,923.831388888889,29.78,106.34,855,13.6,1612,25,106.34,29.78,2012,6
3.84,22.31,21.66,923.831388888889,29.78,106.34,855,13.6,1612,25,106.34,29.78,2012,7
3.25,22.96,22.55,923.831388888889,29.78,106.34,855,13.6,1612,25,106.34,29.78,2012,8
2.4,20.17,19.56,923.831388888889,29.78,106.34,855,13.6,1612,25,106.34,29.78,2012,9
2.63,16.32,15.43,923.831388888889,29.78,106.34,855,13.6,1612,25,106.34,29.78,2013,4
3.28,18.38,17.53,923.831388888889,29.78,106.34,855,13.6,1612,25,106.34,29.78,2013,5
4.82,20.45,19.71,923.831388888889,29.78,106.34,855,13.6,1612,25,106.34,29.78,2013,6
5.71,24.04,23.65,923.831388888889,29.78,106.34,855,13.6,1612,25,106.34,29.78,2013,7
4.15,25.29,24.37,923.831388888889,29.78,106.34,855,13.6,1612,25,106.34,29.78,2013,8
2.87,21.09,19.21,923.831388888889,29.78,106.34,855,13.6,1612,25,106.34,29.78,2013,9
2.63,15.53,15.57,923.831388888889,29.83,106.37,800,13.6,1611,25,106.37,29.83,2012,4
3.32,18.05,17.62,923.831388888889,29.83,106.37,800,13.6,1611,25,106.37,29.83,2012,5
4.81,20.45,19.29,923.831388888889,29.83,106.37,800,13.6,1611,25,106.37,29.83,2012,6
5.9,24.1,23.69,923.831388888889,29.83,106.37,800,13.6,1611,25,106.37,29.83,2012,7
4.26,25.26,23.04,923.831388888889,29.83,106.37,800,13.6,1611,25,106.37,29.83,2012,8
2.41,24.56,15.5542857142857,1083,25.23,113.44,465,19,1700,14,113.44,25.23,2009,10
1.84,8.59,15.5542857142857,923.831388888889,25.23,113.44,465,19,1700,14,113.44,25.23,2010,1
2.28,16.51,15.5542857142857,923.831388888889,25.23,113.44,465,19,1700,14,113.44,25.23,2010,4
3.02,19.12,15.5542857142857,923.831388888889,25.23,113.44,465,19,1700,14,113.44,25.23,2010,5
3.77,22.94,15.5542857142857,923.831388888889,25.23,113.44,465,19,1700,14,113.44,25.23,2010,6
4.47,23.32,15.5542857142857,923.831388888889,25.23,113.44,465,19,1700,14,113.44,25.23,2010,7
3.55,23.79,15.5542857142857,923.831388888889,25.23,113.44,465,19,1700,14,113.44,25.23,2010,8
4.13,23.33,15.5542857142857,923.831388888889,25.23,113.44,465,19,1700,14,113.44,25.23,2010,9
3.92,25.11,15.5542857142857,1572,25.22,113.46,466,19,1700,15,113.46,25.22,2009,10
2.49,7.79,15.5542857142857,923.831388888889,25.22,113.46,466,19,1700,15,113.46,25.22,2010,1
4.02,18.25,15.5542857142857,923.831388888889,25.22,113.46,466,19,1700,15,113.46,25.22,2010,4
5.13,20.51,15.5542857142857,923.831388888889,25.22,113.46,466,19,1700,15,113.46,25.22,2010,5
5.36,18.8728541226216,15.5542857142857,923.831388888889,25.22,113.46,466,19,1700,15,113.46,25.22,2010,6
5.61,23.74,15.5542857142857,923.831388888889,25.22,113.46,466,19,1700,15,113.46,25.22,2010,7
5.68,24.35,15.5542857142857,923.831388888889,25.22,113.46,466,19,1700,15,113.46,25.22,2010,8
6.31,23.07,15.5542857142857,923.831388888889,25.22,113.46,466,19,1700,15,113.46,25.22,2010,9
1.87,24.3,15.5542857142857,632.03,22.17,106.83,550,21.1,1400,3,106.83,22.17,2008,10
1.24,19.9,15.5542857142857,923.831388888889,22.17,106.83,550,21.1,1400,3,106.83,22.17,2008,11
1.35,17.25,15.5542857142857,923.831388888889,22.17,106.83,550,21.1,1400,3,106.83,22.17,2008,12
0.81,13.61,15.5542857142857,923.831388888889,22.17,106.83,550,21.1,1400,3,106.83,22.17,2009,1
1.2,18.26,15.5542857142857,923.831388888889,22.17,106.83,550,21.1,1400,3,106.83,22.17,2009,2
1.05,22.05,15.5542857142857,923.831388888889,22.17,106.83,550,21.1,1400,3,106.83,22.17,2009,3
1.64,22.85,15.5542857142857,923.831388888889,22.17,106.83,550,21.1,1400,3,106.83,22.17,2009,4
1.44,24.58,15.5542857142857,923.831388888889,22.17,106.83,550,21.1,1400,3,106.83,22.17,2009,5
2.19,25.91,15.5542857142857,923.831388888889,22.17,106.83,550,21.1,1400,3,106.83,22.17,2009,6
2.4,26.62,15.5542857142857,923.831388888889,22.17,106.83,550,21.1,1400,3,106.83,22.17,2009,7
2.6,26.88,15.5542857142857,923.831388888889,22.17,106.83,550,21.1,1400,3,106.83,22.17,2009,8
2.23,25.43,15.5542857142857,923.831388888889,22.17,106.83,550,21.1,1400,3,106.83,22.17,2009,9
1.76,22.48,15.5542857142857,984.62,22.17,106.83,550,21.1,1350,7,106.83,22.17,2014,11
1.44,15.41,15.5542857142857,923.831388888889,22.17,106.83,550,21.1,1350,7,106.83,22.17,2014,12
1.45,14.62,15.5542857142857,923.831388888889,22.17,106.83,550,21.1,1350,7,106.83,22.17,2015,1
1.96,22.44,15.5542857142857,923.831388888889,22.17,106.83,550,21.1,1350,7,106.83,22.17,2015,2
2.25,23.93,15.5542857142857,923.831388888889,22.17,106.83,550,21.1,1350,7,106.83,22.17,2015,3
2.69,26.09,15.5542857142857,923.831388888889,22.17,106.83,550,21.1,1350,7,106.83,22.17,2015,4
2.56,26.18,15.5542857142857,923.831388888889,22.17,106.83,550,21.1,1350,7,106.83,22.17,2015,5
2.86,26.04,15.5542857142857,923.831388888889,22.17,106.83,550,21.1,1350,7,106.83,22.17,2015,6
3.15,25.78,15.5542857142857,923.831388888889,22.17,106.83,550,21.1,1350,7,106.83,22.17,2015,7
2.78,25.82,15.5542857142857,923.831388888889,22.17,106.83,550,21.1,1350,7,106.83,22.17,2015,8
2.35,24.73,15.5542857142857,923.831388888889,22.17,106.83,550,21.1,1350,7,106.83,22.17,2015,9
2.07,24.07,15.5542857142857,923.831388888889,22.17,106.83,550,21.1,1350,7,106.83,22.17,2015,10
1.14,16.48,15.5542857142857,844.07,22.17,106.83,225,20.9,1400,10,106.83,22.17,2012,1
1.01,18.95,15.5542857142857,923.831388888889,22.17,106.83,225,20.9,1400,10,106.83,22.17,2012,2
1.84,16.45,15.5542857142857,923.831388888889,22.17,106.83,225,20.9,1400,10,106.83,22.17,2012,2
1.89,20.94,15.5542857142857,923.831388888889,22.17,106.83,225,20.9,1400,10,106.83,22.17,2012,3
2.21,19.65,15.5542857142857,923.831388888889,22.17,106.83,225,20.9,1400,10,106.83,22.17,2012,3
2.19,21.37,15.5542857142857,923.831388888889,22.17,106.83,225,20.9,1400,10,106.83,22.17,2012,4
2.43,26.8,15.5542857142857,923.831388888889,22.17,106.83,225,20.9,1400,10,106.83,22.17,2012,4
3.61,28.13,15.5542857142857,923.831388888889,22.17,106.83,225,20.9,1400,10,106.83,22.17,2012,5
3.17,27.03,15.5542857142857,923.831388888889,22.17,106.83,225,20.9,1400,10,106.83,22.17,2012,5
4.33,27.34,15.5542857142857,923.831388888889,22.17,106.83,225,20.9,1400,10,106.83,22.17,2012,6
3.55,30.16,15.5542857142857,923.831388888889,22.17,106.83,225,20.9,1400,10,106.83,22.17,2012,7
3.36,31.29,15.5542857142857,923.831388888889,22.17,106.83,225,20.9,1400,10,106.83,22.17,2012,7
3.32,28.05,15.5542857142857,923.831388888889,22.17,106.83,225,20.9,1400,10,106.83,22.17,2012,8
3.89,27.42,15.5542857142857,923.831388888889,22.17,106.83,225,20.9,1400,10,106.83,22.17,2012,8
4.32,24.61,15.5542857142857,923.831388888889,22.17,106.83,225,20.9,1400,10,106.83,22.17,2012,9
2.76,26.88,15.5542857142857,923.831388888889,22.17,106.83,225,20.9,1400,10,106.83,22.17,2012,10
2.54,25.01,15.5542857142857,923.831388888889,22.17,106.83,225,20.9,1400,10,106.83,22.17,2012,11
2.22,20.59,15.5542857142857,923.831388888889,22.17,106.83,225,20.9,1400,10,106.83,22.17,2012,11
2.03,19.06,15.5542857142857,923.831388888889,22.17,106.83,225,20.9,1400,10,106.83,22.17,2012,12
1.85,13.95,15.5542857142857,923.831388888889,22.17,106.83,225,20.9,1400,10,106.83,22.17,2012,12
1.12,12.5,15.5542857142857,1147.41,22.17,106.83,225,20.9,1400,11,106.83,22.17,2012,1
1.63,13.13,15.5542857142857,923.831388888889,22.17,106.83,225,20.9,1400,11,106.83,22.17,2012,2
2.36,15.12,15.5542857142857,923.831388888889,22.17,106.83,225,20.9,1400,11,106.83,22.17,2012,2
1.99,16.95,15.5542857142857,923.831388888889,22.17,106.83,225,20.9,1400,11,106.83,22.17,2012,3
3.03,18.05,15.5542857142857,923.831388888889,22.17,106.83,225,20.9,1400,11,106.83,22.17,2012,3
2.82,20.78,15.5542857142857,923.831388888889,22.17,106.83,225,20.9,1400,11,106.83,22.17,2012,4
3.54,20.63,15.5542857142857,923.831388888889,22.17,106.83,225,20.9,1400,11,106.83,22.17,2012,4
2.97,24.69,15.5542857142857,923.831388888889,22.17,106.83,225,20.9,1400,11,106.83,22.17,2012,5
3.42,26.88,15.5542857142857,923.831388888889,22.17,106.83,225,20.9,1400,11,106.83,22.17,2012,5
4.68,25.12,15.5542857142857,923.831388888889,22.17,106.83,225,20.9,1400,11,106.83,22.17,2012,6
4.21,26.33,15.5542857142857,923.831388888889,22.17,106.83,225,20.9,1400,11,106.83,22.17,2012,7
4.26,28.01,15.5542857142857,923.831388888889,22.17,106.83,225,20.9,1400,11,106.83,22.17,2012,7
4.53,27.66,15.5542857142857,923.831388888889,22.17,106.83,225,20.9,1400,11,106.83,22.17,2012,8
4.44,27.34,15.5542857142857,923.831388888889,22.17,106.83,225,20.9,1400,11,106.83,22.17,2012,8
3.53,26.6,15.5542857142857,923.831388888889,22.17,106.83,225,20.9,1400,11,106.83,22.17,2012,9
3.51,24.53,15.5542857142857,923.831388888889,22.17,106.83,225,20.9,1400,11,106.83,22.17,2012,10
2.46,24.06,15.5542857142857,923.831388888889,22.17,106.83,225,20.9,1400,11,106.83,22.17,2012,11
1.61,28.87,15.5542857142857,923.831388888889,22.17,106.83,225,20.9,1400,11,106.83,22.17,2012,11
1.59,19.22,15.5542857142857,923.831388888889,22.17,106.83,225,20.9,1400,11,106.83,22.17,2012,12
1.77,14.06,15.5542857142857,923.831388888889,22.17,106.83,225,20.9,1400,11,106.83,22.17,2012,12
1.1,24.07,15.5542857142857,493.89,22.17,106.83,550,21.1,1400,22,106.83,22.17,2008,10
0.69,19.24,15.5542857142857,923.831388888889,22.17,106.83,550,21.1,1400,22,106.83,22.17,2008,11
0.45,16.99,15.5542857142857,923.831388888889,22.17,106.83,550,21.1,1400,22,106.83,22.17,2008,12
0.28,13.12,15.5542857142857,923.831388888889,22.17,106.83,550,21.1,1400,22,106.83,22.17,2009,1
0.52,18.83,15.5542857142857,923.831388888889,22.17,106.83,550,21.1,1400,22,106.83,22.17,2009,2
1.05,21.59,15.5542857142857,923.831388888889,22.17,106.83,550,21.1,1400,22,106.83,22.17,2009,3
1.52,24,15.5542857142857,923.831388888889,22.17,106.83,550,21.1,1400,22,106.83,22.17,2009,4
1.56,24.77,15.5542857142857,923.831388888889,22.17,106.83,550,21.1,1400,22,106.83,22.17,2009,5
1.99,26.09,15.5542857142857,923.831388888889,22.17,106.83,550,21.1,1400,22,106.83,22.17,2009,6
1.76,27.05,15.5542857142857,923.831388888889,22.17,106.83,550,21.1,1400,22,106.83,22.17,2009,7
2.78,27.78,15.5542857142857,923.831388888889,22.17,106.83,550,21.1,1400,22,106.83,22.17,2009,8
1.94,26.18,15.5542857142857,923.831388888889,22.17,106.83,550,21.1,1400,22,106.83,22.17,2009,9
1.61,24.29,15.5542857142857,602.86,22.17,106.83,550,21.1,1400,23,106.83,22.17,2008,10
1.25,19.95,15.5542857142857,923.831388888889,22.17,106.83,550,21.1,1400,23,106.83,22.17,2008,11
0.87,17.3,15.5542857142857,923.831388888889,22.17,106.83,550,21.1,1400,23,106.83,22.17,2008,12
0.74,13.68,15.5542857142857,923.831388888889,22.17,106.83,550,21.1,1400,23,106.83,22.17,2009,1
1.01,18.36,15.5542857142857,923.831388888889,22.17,106.83,550,21.1,1400,23,106.83,22.17,2009,2
0.81,21.59,15.5542857142857,923.831388888889,22.17,106.83,550,21.1,1400,23,106.83,22.17,2009,3
1.63,22.88,15.5542857142857,923.831388888889,22.17,106.83,550,21.1,1400,23,106.83,22.17,2009,4
1.89,25.51,15.5542857142857,923.831388888889,22.17,106.83,550,21.1,1400,23,106.83,22.17,2009,5
2.14,26.34,15.5542857142857,923.831388888889,22.17,106.83,550,21.1,1400,23,106.83,22.17,2009,6
2.16,27.17,15.5542857142857,923.831388888889,22.17,106.83,550,21.1,1400,23,106.83,22.17,2009,7
2.79,27.78,15.5542857142857,923.831388888889,22.17,106.83,550,21.1,1400,23,106.83,22.17,2009,8
2.22,26.22,15.5542857142857,923.831388888889,22.17,106.83,550,21.1,1400,23,106.83,22.17,2009,9
1.33,25.06,15.5542857142857,378.87,22.17,106.83,550,21.1,1400,26,106.83,22.17,2008,10
0.57,19.86,15.5542857142857,923.831388888889,22.17,106.83,550,21.1,1400,26,106.83,22.17,2008,11
0.59,17.83,15.5542857142857,923.831388888889,22.17,106.83,550,21.1,1400,26,106.83,22.17,2008,12
0.43,13.61,15.5542857142857,923.831388888889,22.17,106.83,550,21.1,1400,26,106.83,22.17,2009,1
0.46,19.29,15.5542857142857,923.831388888889,22.17,106.83,550,21.1,1400,26,106.83,22.17,2009,2
0.76,22.05,15.5542857142857,923.831388888889,22.17,106.83,550,21.1,1400,26,106.83,22.17,2009,3
1.12,24.77,15.5542857142857,923.831388888889,22.17,106.83,550,21.1,1400,26,106.83,22.17,2009,4
1.04,25.84,15.5542857142857,923.831388888889,22.17,106.83,550,21.1,1400,26,106.83,22.17,2009,5
1.24,26.59,15.5542857142857,923.831388888889,22.17,106.83,550,21.1,1400,26,106.83,22.17,2009,6
1.31,28.14,15.5542857142857,923.831388888889,22.17,106.83,550,21.1,1400,26,106.83,22.17,2009,7
1.68,28.18,15.5542857142857,923.831388888889,22.17,106.83,550,21.1,1400,26,106.83,22.17,2009,8
1.5,26.82,15.5542857142857,923.831388888889,22.17,106.83,550,21.1,1400,26,106.83,22.17,2009,9
3.57,30.67,15.5542857142857,923.831388888889,22.17,106.83,500,21,1400,26,106.83,22.17,2011,7
3.14,29.14,15.5542857142857,923.831388888889,22.17,106.83,500,21,1400,26,106.83,22.17,2011,8
2.8,29.14,15.5542857142857,923.831388888889,22.17,106.83,500,21,1400,26,106.83,22.17,2011,9
1.98,19.43,15.5542857142857,923.831388888889,22.17,106.83,500,21,1400,26,106.83,22.17,2011,10
1.78,22.1,15.5542857142857,923.831388888889,22.17,106.83,500,21,1400,26,106.83,22.17,2011,11
1.84,25.05,15.5542857142857,923.831388888889,22.17,106.83,500,21,1400,26,106.83,22.17,2011,12
1.8,17.24,15.5542857142857,923.831388888889,22.17,106.83,500,21,1400,26,106.83,22.17,2012,1
2.2,16.76,15.5542857142857,923.831388888889,22.17,106.83,500,21,1400,26,106.83,22.17,2012,2
1.91,19.52,15.5542857142857,923.831388888889,22.17,106.83,500,21,1400,26,106.83,22.17,2012,3
1.8,20.67,15.5542857142857,923.831388888889,22.17,106.83,500,21,1400,26,106.83,22.17,2012,4
2.75,29.9,15.5542857142857,923.831388888889,22.17,106.83,500,21,1400,26,106.83,22.17,2012,5
3.25,25.81,15.5542857142857,923.831388888889,22.17,106.83,500,21,1400,26,106.83,22.17,2012,6
3.38,30.67,15.5542857142857,923.831388888889,22.17,106.83,500,21,1400,26,106.83,22.17,2012,7
2.12,21.08,15.5542857142857,904.91,22.17,106.83,550,21.1,1350,26,106.83,22.17,2014,11
1.93,15.58,15.5542857142857,923.831388888889,22.17,106.83,550,21.1,1350,26,106.83,22.17,2014,12
1.88,14.88,15.5542857142857,923.831388888889,22.17,106.83,550,21.1,1350,26,106.83,22.17,2015,1
1.99,20.95,15.5542857142857,923.831388888889,22.17,106.83,550,21.1,1350,26,106.83,22.17,2015,2
2.31,21.34,15.5542857142857,923.831388888889,22.17,106.83,550,21.1,1350,26,106.83,22.17,2015,3
2.34,22.79,15.5542857142857,923.831388888889,22.17,106.83,550,21.1,1350,26,106.83,22.17,2015,4
2.4,25.3,15.5542857142857,923.831388888889,22.17,106.83,550,21.1,1350,26,106.83,22.17,2015,5
2.52,26.18,15.5542857142857,923.831388888889,22.17,106.83,550,21.1,1350,26,106.83,22.17,2015,6
2.77,25.52,15.5542857142857,923.831388888889,22.17,106.83,550,21.1,1350,26,106.83,22.17,2015,7
2.9,25.43,15.5542857142857,923.831388888889,22.17,106.83,550,21.1,1350,26,106.83,22.17,2015,8
2.42,24.64,15.5542857142857,923.831388888889,22.17,106.83,550,21.1,1350,26,106.83,22.17,2015,9
2.12,23.41,15.5542857142857,923.831388888889,22.17,106.83,550,21.1,1350,26,106.83,22.17,2015,10
2.61,18.8728541226216,21.54,882.08,24.94,110.13,150,18.9,1950,9,110.13,24.94,2012,9
1.86,18.8728541226216,20.92,923.831388888889,24.94,110.13,150,18.9,1950,9,110.13,24.94,2012,10
1.46,18.8728541226216,14.38,923.831388888889,24.94,110.13,150,18.9,1950,9,110.13,24.94,2012,11
0.9,18.8728541226216,8.67,923.831388888889,24.94,110.13,150,18.9,1950,9,110.13,24.94,2012,12
0.83,18.8728541226216,7.51,923.831388888889,24.94,110.13,150,18.9,1950,9,110.13,24.94,2013,1
1.05,18.8728541226216,11.82,923.831388888889,24.94,110.13,150,18.9,1950,9,110.13,24.94,2013,2
1.07,18.8728541226216,16.89,923.831388888889,24.94,110.13,150,18.9,1950,9,110.13,24.94,2013,3
1.95,18.8728541226216,20.59,923.831388888889,24.94,110.13,150,18.9,1950,9,110.13,24.94,2013,4
4.35,18.8728541226216,23.5,923.831388888889,24.94,110.13,150,18.9,1950,9,110.13,24.94,2013,5
4.21,18.8728541226216,22.38,923.831388888889,24.94,110.13,150,18.9,1950,9,110.13,24.94,2013,6
4.35,18.8728541226216,26.29,923.831388888889,24.94,110.13,150,18.9,1950,9,110.13,24.94,2013,7
3.38,18.8728541226216,26.74,923.831388888889,24.94,110.13,150,18.9,1950,9,110.13,24.94,2013,8
2.53,18.8728541226216,21.19,807.84,24.94,110.13,150,18.9,1950,9,110.13,24.94,2012,9
1.48,18.8728541226216,18.47,923.831388888889,24.94,110.13,150,18.9,1950,9,110.13,24.94,2012,10
1.27,18.8728541226216,13.7,923.831388888889,24.94,110.13,150,18.9,1950,9,110.13,24.94,2012,11
0.77,18.8728541226216,10.01,923.831388888889,24.94,110.13,150,18.9,1950,9,110.13,24.94,2012,12
0.97,18.8728541226216,11.97,923.831388888889,24.94,110.13,150,18.9,1950,9,110.13,24.94,2013,1
0.79,18.8728541226216,10.55,923.831388888889,24.94,110.13,150,18.9,1950,9,110.13,24.94,2013,2
1.61,18.8728541226216,17.28,923.831388888889,24.94,110.13,150,18.9,1950,9,110.13,24.94,2013,3
2.44,18.8728541226216,19.2,923.831388888889,24.94,110.13,150,18.9,1950,9,110.13,24.94,2013,4
3.39,18.8728541226216,23.71,923.831388888889,24.94,110.13,150,18.9,1950,9,110.13,24.94,2013,5
3.49,18.8728541226216,26.16,923.831388888889,24.94,110.13,150,18.9,1950,9,110.13,24.94,2013,6
4.07,18.8728541226216,26.49,923.831388888889,24.94,110.13,150,18.9,1950,9,110.13,24.94,2013,7
3.08,18.8728541226216,26.71,923.831388888889,24.94,110.13,150,18.9,1950,9,110.13,24.94,2013,8
2.95,18.8728541226216,23.35,838.81,24.94,110.13,160,18.9,1950,26,110.13,24.94,2012,9
1.79,18.8728541226216,18.54,923.831388888889,24.94,110.13,160,18.9,1950,26,110.13,24.94,2012,10
1.5,18.8728541226216,15.17,923.831388888889,24.94,110.13,160,18.9,1950,26,110.13,24.94,2012,11
0.7,18.8728541226216,10.23,923.831388888889,24.94,110.13,160,18.9,1950,26,110.13,24.94,2012,12
0.8,18.8728541226216,9.54,923.831388888889,24.94,110.13,160,18.9,1950,26,110.13,24.94,2013,1
0.97,18.8728541226216,12.63,923.831388888889,24.94,110.13,160,18.9,1950,26,110.13,24.94,2013,2
2.28,18.8728541226216,19.89,923.831388888889,24.94,110.13,160,18.9,1950,26,110.13,24.94,2013,3
2.74,18.8728541226216,22.55,923.831388888889,24.94,110.13,160,18.9,1950,26,110.13,24.94,2013,4
3.12,18.8728541226216,23.6,923.831388888889,24.94,110.13,160,18.9,1950,26,110.13,24.94,2013,5
3.12,18.8728541226216,22.66,923.831388888889,24.94,110.13,160,18.9,1950,26,110.13,24.94,2013,6
3.44,18.8728541226216,27.54,923.831388888889,24.94,110.13,160,18.9,1950,26,110.13,24.94,2013,7
3.35,18.8728541226216,27.36,923.831388888889,24.94,110.13,160,18.9,1950,26,110.13,24.94,2013,8
2.42,27,15.5542857142857,585,27.15,110.13,350,16.5,1300,7,110.13,27.15,2012,7
2.3,25.13,15.5542857142857,923.831388888889,27.15,110.13,350,16.5,1300,7,110.13,27.15,2012,8
2.07,24.55,15.5542857142857,923.831388888889,27.15,110.13,350,16.5,1300,7,110.13,27.15,2012,9
1.28,18.15,15.5542857142857,923.831388888889,27.15,110.13,350,16.5,1300,7,110.13,27.15,2012,10
0.68,7.75,15.5542857142857,923.831388888889,27.15,110.13,350,16.5,1300,7,110.13,27.15,2012,11
0.62,7.43,15.5542857142857,923.831388888889,27.15,110.13,350,16.5,1300,7,110.13,27.15,2012,12
0.63,7.59,15.5542857142857,923.831388888889,27.15,110.13,350,16.5,1300,7,110.13,27.15,2013,1
1.59,12.97,15.5542857142857,923.831388888889,27.15,110.13,350,16.5,1300,7,110.13,27.15,2013,3
1.99,20.33,15.5542857142857,923.831388888889,27.15,110.13,350,16.5,1300,7,110.13,27.15,2013,4
3.48,25.29,15.5542857142857,923.831388888889,27.15,110.13,350,16.5,1300,7,110.13,27.15,2013,6
2.62,24.76,15.5542857142857,923.831388888889,27.15,110.13,350,16.5,1300,7,110.13,27.15,2013,7
2.39,23.21,15.5542857142857,923.831388888889,27.15,110.13,350,16.5,1300,7,110.13,27.15,2013,8
2.51,24.49,15.5542857142857,923.831388888889,27.15,110.13,350,16.5,1300,7,110.13,27.15,2013,9
2.05,19.37,15.5542857142857,923.831388888889,27.15,110.13,350,16.5,1300,7,110.13,27.15,2013,10
1.11,14.84,15.5542857142857,923.831388888889,27.15,110.13,350,16.5,1300,7,110.13,27.15,2013,11
0.55,7.21,15.5542857142857,923.831388888889,27.15,110.13,350,16.5,1300,7,110.13,27.15,2013,12
0.55,5.93,15.5542857142857,923.831388888889,27.15,110.13,350,16.5,1300,7,110.13,27.15,2014,1
0.44,6.83,15.5542857142857,923.831388888889,27.15,110.13,350,16.5,1300,7,110.13,27.15,2014,2
0.85,11.37,15.5542857142857,923.831388888889,27.15,110.13,350,16.5,1300,7,110.13,27.15,2014,3
1.65,19.25,15.5542857142857,923.831388888889,27.15,110.13,350,16.5,1300,7,110.13,27.15,2014,4
1.65,17.65,15.5542857142857,923.831388888889,27.15,110.13,350,16.5,1300,7,110.13,27.15,2014,5
1.78,21.1,15.5542857142857,923.831388888889,27.15,110.13,350,16.5,1300,7,110.13,27.15,2014,6
2.93,24.88,15.5542857142857,923.831388888889,27.15,110.13,350,16.5,1300,7,110.13,27.15,2014,7
3.71,21.12,15.5542857142857,637.03,30.91,110.66,950,18,1125,26,110.66,30.91,2010,8
3.01,17.49,15.5542857142857,923.831388888889,30.91,110.66,950,18,1125,26,110.66,30.91,2010,9
2.13,15.53,15.5542857142857,923.831388888889,30.91,110.66,950,18,1125,26,110.66,30.91,2010,10
1.78,12.46,15.5542857142857,923.831388888889,30.91,110.66,950,18,1125,26,110.66,30.91,2010,11
1.2,6.73,15.5542857142857,923.831388888889,30.91,110.66,950,18,1125,26,110.66,30.91,2010,12
0.35,2.54,15.5542857142857,923.831388888889,30.91,110.66,950,18,1125,26,110.66,30.91,2011,1
0.42,5.34,15.5542857142857,923.831388888889,30.91,110.66,950,18,1125,26,110.66,30.91,2011,2
0.74,6.45,15.5542857142857,923.831388888889,30.91,110.66,950,18,1125,26,110.66,30.91,2011,3
1.48,12.32,15.5542857142857,923.831388888889,30.91,110.66,950,18,1125,26,110.66,30.91,2011,4
2.52,16.51,15.5542857142857,923.831388888889,30.91,110.66,950,18,1125,26,110.66,30.91,2011,5
2.8,19.44,15.5542857142857,923.831388888889,30.91,110.66,950,18,1125,26,110.66,30.91,2011,6
3.33,21.96,15.5542857142857,923.831388888889,30.91,110.66,950,18,1125,26,110.66,30.91,2011,7
2.64,21.4,15.5542857142857,923.831388888889,30.91,110.66,950,18,1125,26,110.66,30.91,2011,8
2.43,17.35,15.5542857142857,923.831388888889,30.91,110.66,950,18,1125,26,110.66,30.91,2011,9
1.62,13.85,15.5542857142857,923.831388888889,30.91,110.66,950,18,1125,26,110.66,30.91,2010,10
1.06,11.76,15.5542857142857,923.831388888889,30.91,110.66,950,18,1125,26,110.66,30.91,2011,11
0.81,5.61,15.5542857142857,923.831388888889,30.91,110.66,950,18,1125,26,110.66,30.91,2011,12
0.62,18.8728541226216,15.5542857142857,923.831388888889,30.91,110.66,950,18,1125,26,110.66,30.91,2012,1
3.29,24.86,15.5542857142857,713.34,30.91,110.66,350,18,1125,26,110.66,30.91,2010,8
3.52,19.81,15.5542857142857,923.831388888889,30.91,110.66,350,18,1125,26,110.66,30.91,2010,9
1.9,17.15,15.5542857142857,923.831388888889,30.91,110.66,350,18,1125,26,110.66,30.91,2010,10
1.37,13.64,15.5542857142857,923.831388888889,30.91,110.66,350,18,1125,26,110.66,30.91,2010,11
1.37,8.88,15.5542857142857,923.831388888889,30.91,110.66,350,18,1125,26,110.66,30.91,2010,12
0.79,4.11,15.5542857142857,923.831388888889,30.91,110.66,350,18,1125,26,110.66,30.91,2011,1
1.06,7.76,15.5542857142857,923.831388888889,30.91,110.66,350,18,1125,26,110.66,30.91,2011,2
0.77,10.28,15.5542857142857,923.831388888889,30.91,110.66,350,18,1125,26,110.66,30.91,2011,3
1.79,15.19,15.5542857142857,923.831388888889,30.91,110.66,350,18,1125,26,110.66,30.91,2011,4
2.69,18.97,15.5542857142857,923.831388888889,30.91,110.66,350,18,1125,26,110.66,30.91,2011,5
3.08,22.06,15.5542857142857,923.831388888889,30.91,110.66,350,18,1125,26,110.66,30.91,2011,6
3.31,24.16,15.5542857142857,923.831388888889,30.91,110.66,350,18,1125,26,110.66,30.91,2011,7
2.66,23.88,15.5542857142857,923.831388888889,30.91,110.66,350,18,1125,26,110.66,30.91,2011,8
1.85,20.09,15.5542857142857,923.831388888889,30.91,110.66,350,18,1125,26,110.66,30.91,2011,9
1.74,16.45,15.5542857142857,923.831388888889,30.91,110.66,350,18,1125,26,110.66,30.91,2011,10
1.37,14.49,15.5542857142857,923.831388888889,30.91,110.66,350,18,1125,26,110.66,30.91,2011,11
1.51,8.04,15.5542857142857,923.831388888889,30.91,110.66,350,18,1125,26,110.66,30.91,2011,12
1.3,18.8728541226216,15.5542857142857,923.831388888889,30.91,110.66,350,18,1125,26,110.66,30.91,2012,1
3.5,20.96,15.5542857142857,793.45,30.91,110.66,990,18,1125,26,110.66,30.91,2010,8
3.26,17.62,15.5542857142857,923.831388888889,30.91,110.66,990,18,1125,26,110.66,30.91,2010,9
2.69,15.96,15.5542857142857,923.831388888889,30.91,110.66,990,18,1125,26,110.66,30.91,2010,10
1.4,12.61,15.5542857142857,923.831388888889,30.91,110.66,990,18,1125,26,110.66,30.91,2010,11
1.05,6.47,15.5542857142857,923.831388888889,30.91,110.66,990,18,1125,26,110.66,30.91,2010,12
0.39,2.28,15.5542857142857,923.831388888889,30.91,110.66,990,18,1125,26,110.66,30.91,2011,1
0.51,4.54,15.5542857142857,923.831388888889,30.91,110.66,990,18,1125,26,110.66,30.91,2011,2
0.61,7.23,15.5542857142857,923.831388888889,30.91,110.66,990,18,1125,26,110.66,30.91,2011,3
1.84,12.29,15.5542857142857,923.831388888889,30.91,110.66,990,18,1125,26,110.66,30.91,2011,4
2.76,16.1,15.5542857142857,923.831388888889,30.91,110.66,990,18,1125,26,110.66,30.91,2011,5
4.27,19.48,15.5542857142857,923.831388888889,30.91,110.66,990,18,1125,26,110.66,30.91,2011,6
4.41,22.02,15.5542857142857,923.831388888889,30.91,110.66,990,18,1125,26,110.66,30.91,2011,7
3.65,21.63,15.5542857142857,923.831388888889,30.91,110.66,990,18,1125,26,110.66,30.91,2011,8
2.36,18,15.5542857142857,923.831388888889,30.91,110.66,990,18,1125,26,110.66,30.91,2011,9
2.06,14.38,15.5542857142857,923.831388888889,30.91,110.66,990,18,1125,26,110.66,30.91,2011,10
1.5,12.15,15.5542857142857,923.831388888889,30.91,110.66,990,18,1125,26,110.66,30.91,2011,11
0.8,5.86,15.5542857142857,923.831388888889,30.91,110.66,990,18,1125,26,110.66,30.91,2011,12
0.85,18.8728541226216,15.5542857142857,923.831388888889,30.91,110.66,990,18,1125,26,110.66,30.91,2012,1
5.15,15.79,15.5542857142857,923.831388888889,31.09,110.92,1680,16.7,1250,17,110.92,31.09,2009,8
3,12.85,15.5542857142857,923.831388888889,31.09,110.92,1680,16.7,1250,17,110.92,31.09,2009,9
2.07,9.6,15.5542857142857,923.831388888889,31.09,110.92,1680,16.7,1250,17,110.92,31.09,2009,10
0.86,0.84,15.5542857142857,923.831388888889,31.09,110.92,1680,16.7,1250,17,110.92,31.09,2010,1
1.75,6.65,15.5542857142857,923.831388888889,31.09,110.92,1680,16.7,1250,17,110.92,31.09,2010,4
2.82,18.44,15.5542857142857,923.831388888889,31.09,110.92,1680,16.7,1250,17,110.92,31.09,2010,5
3.84,19.27,15.5542857142857,923.831388888889,31.09,110.92,1680,16.7,1250,17,110.92,31.09,2010,6
5.18,20.78,15.5542857142857,923.831388888889,31.09,110.92,1680,16.7,1250,17,110.92,31.09,2010,7
5.98,19.95,15.5542857142857,923.831388888889,31.09,110.92,1680,16.7,1250,17,110.92,31.09,2010,8
3.08,11.94,15.5542857142857,923.831388888889,31.09,110.92,1680,16.7,1250,17,110.92,31.09,2010,9
2.82,10.5,15.5542857142857,923.831388888889,31.09,110.92,1680,16.7,1250,17,110.92,31.09,2010,10
2.03,18.8728541226216,15.2,923.831388888889,31.33,110.5,780,10.6,850,14,110.5,31.33,2009,5
2.3,18.8728541226216,17.27,923.831388888889,31.33,110.5,780,10.6,850,14,110.5,31.33,2009,6
3.7,18.8728541226216,22.13,923.831388888889,31.33,110.5,780,10.6,850,14,110.5,31.33,2009,7
3.06,18.8728541226216,20.43,923.831388888889,31.33,110.5,780,10.6,850,14,110.5,31.33,2009,8
2.3,18.8728541226216,19.76,923.831388888889,31.33,110.5,780,10.6,850,14,110.5,31.33,2009,9
2.06,18.8728541226216,14.66,923.831388888889,31.33,110.5,780,10.6,850,14,110.5,31.33,2009,10
0.79,18.8728541226216,8.58,923.831388888889,31.33,110.5,780,10.6,850,14,110.5,31.33,2009,11
2.11,18.8728541226216,15.5,923.831388888889,31.35,110.5,780,10.6,850,14,110.5,31.35,2009,5
1.64,18.8728541226216,16.38,923.831388888889,31.35,110.5,780,10.6,850,14,110.5,31.35,2009,6
2.89,18.8728541226216,19.12,923.831388888889,31.35,110.5,780,10.6,850,14,110.5,31.35,2009,7
3.37,18.8728541226216,22.91,923.831388888889,31.35,110.5,780,10.6,850,14,110.5,31.35,2009,7
2.63,18.8728541226216,19.32,923.831388888889,31.35,110.5,780,10.6,850,14,110.5,31.35,2009,8
3.1,18.8728541226216,22.29,923.831388888889,31.35,110.5,780,10.6,850,14,110.5,31.35,2009,8
2.97,18.8728541226216,22.11,923.831388888889,31.35,110.5,780,10.6,850,14,110.5,31.35,2009,9
2.26,18.8728541226216,17.7,923.831388888889,31.35,110.5,780,10.6,850,14,110.5,31.35,2009,9
2.2,18.8728541226216,14.6,923.831388888889,31.35,110.5,780,10.6,850,14,110.5,31.35,2009,10
1.63,18.8728541226216,13.57,923.831388888889,31.35,110.5,780,10.6,850,14,110.5,31.35,2009,10
1.24,18.8728541226216,10.07,923.831388888889,31.35,110.5,780,10.6,850,14,110.5,31.35,2009,11
0.56,18.8728541226216,7.53,923.831388888889,31.35,110.5,780,10.6,850,14,110.5,31.35,2009,11
0.61,18.8728541226216,5.39,923.831388888889,31.35,110.5,780,10.6,850,14,110.5,31.35,2009,12
0.48,18.8728541226216,5.01,923.831388888889,31.35,110.5,780,10.6,850,14,110.5,31.35,2010,1
0.59,18.8728541226216,8.73,923.831388888889,31.35,110.5,780,10.6,850,14,110.5,31.35,2010,2
0.8,18.8728541226216,11.7,923.831388888889,31.35,110.5,780,10.6,850,14,110.5,31.35,2010,3
1,18.8728541226216,10.52,923.831388888889,31.35,110.5,780,10.6,850,14,110.5,31.35,2010,4
1.31,18.8728541226216,11.39,923.831388888889,31.35,110.5,780,10.6,850,14,110.5,31.35,2010,4
1.6,18.8728541226216,12.48,923.831388888889,31.35,110.5,780,10.6,850,14,110.5,31.35,2010,5
1.99,18.8728541226216,17.48,923.831388888889,31.35,110.5,780,10.6,850,14,110.5,31.35,2010,5
2.69,18.8728541226216,16.19,923.831388888889,31.35,110.5,780,10.6,850,14,110.5,31.35,2010,6
2.81,18.8728541226216,19.12,923.831388888889,31.35,110.5,780,10.6,850,14,110.5,31.35,2010,6
2.96,18.8728541226216,22.32,923.831388888889,31.35,110.5,780,10.6,850,14,110.5,31.35,2010,7
1.86,18.8728541226216,11.92,923.831388888889,31.32,110.48,1670,10.6,1200,13,110.48,31.32,2009,5
2.37,18.8728541226216,14.05,923.831388888889,31.32,110.48,1670,10.6,1200,13,110.48,31.32,2009,6
2.88,18.8728541226216,16.78,923.831388888889,31.32,110.48,1670,10.6,1200,13,110.48,31.32,2009,7
2.12,18.8728541226216,15.38,923.831388888889,31.32,110.48,1670,10.6,1200,13,110.48,31.32,2009,8
1.85,18.8728541226216,16.72,923.831388888889,31.32,110.48,1670,10.6,1200,13,110.48,31.32,2009,9
1.62,18.8728541226216,11.92,923.831388888889,31.32,110.48,1670,10.6,1200,13,110.48,31.32,2009,10
0.85,18.8728541226216,7.49,923.831388888889,31.32,110.48,1670,10.6,1200,13,110.48,31.32,2009,11
2.35,18.8728541226216,11.94,923.831388888889,31.32,110.48,1670,10.6,1200,13,110.48,31.32,2009,5
2.45,18.8728541226216,12.04,923.831388888889,31.32,110.48,1670,10.6,1200,13,110.48,31.32,2009,6
3.42,18.8728541226216,16.83,923.831388888889,31.32,110.48,1670,10.6,1200,13,110.48,31.32,2009,7
3.39,18.8728541226216,16.83,923.831388888889,31.32,110.48,1670,10.6,1200,13,110.48,31.32,2009,7
2.92,18.8728541226216,14.94,923.831388888889,31.32,110.48,1670,10.6,1200,13,110.48,31.32,2009,8
3.06,18.8728541226216,14.51,923.831388888889,31.32,110.48,1670,10.6,1200,13,110.48,31.32,2009,8
3.28,18.8728541226216,17.51,923.831388888889,31.32,110.48,1670,10.6,1200,13,110.48,31.32,2009,9
2.83,18.8728541226216,13.54,923.831388888889,31.32,110.48,1670,10.6,1200,13,110.48,31.32,2009,9
2.51,18.8728541226216,13.44,923.831388888889,31.32,110.48,1670,10.6,1200,13,110.48,31.32,2009,10
2.06,18.8728541226216,10.44,923.831388888889,31.32,110.48,1670,10.6,1200,13,110.48,31.32,2009,10
0.93,18.8728541226216,7.18,923.831388888889,31.32,110.48,1670,10.6,1200,13,110.48,31.32,2009,11
0.94,18.8728541226216,5.91,923.831388888889,31.32,110.48,1670,10.6,1200,13,110.48,31.32,2009,11
0.43,18.8728541226216,2.81,923.831388888889,31.32,110.48,1670,10.6,1200,13,110.48,31.32,2009,12
0.51,18.8728541226216,2.42,923.831388888889,31.32,110.48,1670,10.6,1200,13,110.48,31.32,2010,1
0.95,18.8728541226216,6.42,923.831388888889,31.32,110.48,1670,10.6,1200,13,110.48,31.32,2010,2
0.78,18.8728541226216,5.72,923.831388888889,31.32,110.48,1670,10.6,1200,13,110.48,31.32,2010,3
1.39,18.8728541226216,6.88,923.831388888889,31.32,110.48,1670,10.6,1200,13,110.48,31.32,2010,4
1.43,18.8728541226216,7.51,923.831388888889,31.32,110.48,1670,10.6,1200,13,110.48,31.32,2010,4
1.92,18.8728541226216,9.47,923.831388888889,31.32,110.48,1670,10.6,1200,13,110.48,31.32,2010,5
2.18,18.8728541226216,10.46,923.831388888889,31.32,110.48,1670,10.6,1200,13,110.48,31.32,2010,5
2.66,18.8728541226216,12.45,923.831388888889,31.32,110.48,1670,10.6,1200,13,110.48,31.32,2010,6
2.92,18.8728541226216,15.87,923.831388888889,31.32,110.48,1670,10.6,1200,13,110.48,31.32,2010,6
3.47,18.8728541226216,17.29,923.831388888889,31.32,110.48,1670,10.6,1200,13,110.48,31.32,2010,7
2.73,18.8728541226216,11.13,923.831388888889,31.32,110.5,1970,10.6,1050,8,110.5,31.32,2009,5
3.49,18.8728541226216,13.74,923.831388888889,31.32,110.5,1970,10.6,1050,8,110.5,31.32,2009,6
2.53,18.8728541226216,15.51,923.831388888889,31.32,110.5,1970,10.6,1050,8,110.5,31.32,2009,7
2.78,18.8728541226216,16.05,923.831388888889,31.32,110.5,1970,10.6,1050,8,110.5,31.32,2009,8
2.26,18.8728541226216,14.9,923.831388888889,31.32,110.5,1970,10.6,1050,8,110.5,31.32,2009,9
1.5,18.8728541226216,10.59,923.831388888889,31.32,110.5,1970,10.6,1050,8,110.5,31.32,2009,10
0.76,18.8728541226216,4.7,923.831388888889,31.32,110.5,1970,10.6,1050,8,110.5,31.32,2009,11
2.42,18.8728541226216,11.38,923.831388888889,31.3,110.5,1970,10.6,1050,8,110.5,31.3,2009,5
2.59,18.8728541226216,11.76,923.831388888889,31.3,110.5,1970,10.6,1050,8,110.5,31.3,2009,6
3.73,18.8728541226216,16.28,923.831388888889,31.3,110.5,1970,10.6,1050,8,110.5,31.3,2009,7
3.27,18.8728541226216,16.33,923.831388888889,31.3,110.5,1970,10.6,1050,8,110.5,31.3,2009,7
3.27,18.8728541226216,15.68,923.831388888889,31.3,110.5,1970,10.6,1050,8,110.5,31.3,2009,8
2.66,18.8728541226216,14.57,923.831388888889,31.3,110.5,1970,10.6,1050,8,110.5,31.3,2009,8
3.22,18.8728541226216,16.89,923.831388888889,31.3,110.5,1970,10.6,1050,8,110.5,31.3,2009,9
2.3,18.8728541226216,12.92,923.831388888889,31.3,110.5,1970,10.6,1050,8,110.5,31.3,2009,9
1.78,18.8728541226216,10.5,923.831388888889,31.3,110.5,1970,10.6,1050,8,110.5,31.3,2009,10
1.48,18.8728541226216,9.8,923.831388888889,31.3,110.5,1970,10.6,1050,8,110.5,31.3,2009,10
1.14,18.8728541226216,6.64,923.831388888889,31.3,110.5,1970,10.6,1050,8,110.5,31.3,2009,11
0.46,18.8728541226216,3.54,923.831388888889,31.3,110.5,1970,10.6,1050,8,110.5,31.3,2009,11
0.66,18.8728541226216,3.72,923.831388888889,31.3,110.5,1970,10.6,1050,8,110.5,31.3,2009,12
0.88,18.8728541226216,1.59,923.831388888889,31.3,110.5,1970,10.6,1050,8,110.5,31.3,2010,1
1.13,18.8728541226216,4.99,923.831388888889,31.3,110.5,1970,10.6,1050,8,110.5,31.3,2010,2
0.67,18.8728541226216,4.75,923.831388888889,31.3,110.5,1970,10.6,1050,8,110.5,31.3,2010,3
1.03,18.8728541226216,7.37,923.831388888889,31.3,110.5,1970,10.6,1050,8,110.5,31.3,2010,4
0.88,18.8728541226216,6.38,923.831388888889,31.3,110.5,1970,10.6,1050,8,110.5,31.3,2010,4
1.94,18.8728541226216,9.45,923.831388888889,31.3,110.5,1970,10.6,1050,8,110.5,31.3,2010,5
2.58,18.8728541226216,12.41,923.831388888889,31.3,110.5,1970,10.6,1050,8,110.5,31.3,2010,5
2.83,18.8728541226216,11.58,923.831388888889,31.3,110.5,1970,10.6,1050,8,110.5,31.3,2010,6
2.94,18.8728541226216,15.52,923.831388888889,31.3,110.5,1970,10.6,1050,8,110.5,31.3,2010,6
3.89,18.8728541226216,16.68,923.831388888889,31.3,110.5,1970,10.6,1050,8,110.5,31.3,2010,7
0.66,1.52,0.75,923.831388888889,39.95,115.42,1256,4.5,639,20,115.42,39.95,2010,4
1.31,9.79,8.04,923.831388888889,39.95,115.42,1256,4.5,639,20,115.42,39.95,2010,5
4.02,14.97,13.76,923.831388888889,39.95,115.42,1256,4.5,639,20,115.42,39.95,2010,6
3.31,18.23,17.09,923.831388888889,39.95,115.42,1256,4.5,639,20,115.42,39.95,2010,7
4.02,16.31,15.91,923.831388888889,39.95,115.42,1256,4.5,639,20,115.42,39.95,2010,8
2.42,12.19,12.4,923.831388888889,39.95,115.42,1256,4.5,639,20,115.42,39.95,2010,9
1.34,8.93,9.14,923.831388888889,39.95,115.42,1256,4.5,639,20,115.42,39.95,2010,10
1.07,1.57,1.42,923.831388888889,39.97,115.42,1167,4.5,639,27,115.42,39.97,2010,4
1.52,10.45,10.05,923.831388888889,39.97,115.42,1167,4.5,639,27,115.42,39.97,2010,5
4.51,15.9,15.46,923.831388888889,39.97,115.42,1167,4.5,639,27,115.42,39.97,2010,6
3.29,18.65,18.42,923.831388888889,39.97,115.42,1167,4.5,639,27,115.42,39.97,2010,7
3.95,17.1,16.98,923.831388888889,39.97,115.42,1167,4.5,639,27,115.42,39.97,2010,8
3.47,13.32,13.37,923.831388888889,39.97,115.42,1167,4.5,639,27,115.42,39.97,2010,9
1.82,10.39,10.54,923.831388888889,39.97,115.42,1167,4.5,639,27,115.42,39.97,2010,10
0.59,1.58,1.6,923.831388888889,39.95,115.42,1318,4.5,639,30,115.42,39.95,2010,4
1.81,11.5,12.2,923.831388888889,39.95,115.42,1318,4.5,639,30,115.42,39.95,2010,5
4.96,18.53,19.14,923.831388888889,39.95,115.42,1318,4.5,639,30,115.42,39.95,2010,6
4.09,18.36,19.03,923.831388888889,39.95,115.42,1318,4.5,639,30,115.42,39.95,2010,7
6.42,16.91,17.15,923.831388888889,39.95,115.42,1318,4.5,639,30,115.42,39.95,2010,8
2.17,13.24,13.24,923.831388888889,39.95,115.42,1318,4.5,639,30,115.42,39.95,2010,9
1.49,10.08,10.05,923.831388888889,39.95,115.42,1318,4.5,639,30,115.42,39.95,2010,10
0.32,18.8728541226216,-1.7,923.831388888889,37.91,114.24,350,13.2,570,1,114.24,37.91,2013,1
0.39,18.8728541226216,3.67,923.831388888889,37.91,114.24,350,13.2,570,1,114.24,37.91,2013,2
0.43,18.8728541226216,13.1,923.831388888889,37.91,114.24,350,13.2,570,1,114.24,37.91,2013,3
0.64,18.8728541226216,13.5,923.831388888889,37.91,114.24,350,13.2,570,1,114.24,37.91,2013,4
0.96,18.8728541226216,13.89,923.831388888889,37.91,114.24,350,13.2,570,1,114.24,37.91,2013,4
1.33,18.8728541226216,21.11,923.831388888889,37.91,114.24,350,13.2,570,1,114.24,37.91,2013,5
1.87,18.8728541226216,20.4,923.831388888889,37.91,114.24,350,13.2,570,1,114.24,37.91,2013,5
1.96,18.8728541226216,24.67,923.831388888889,37.91,114.24,350,13.2,570,1,114.24,37.91,2013,6
1.98,18.8728541226216,27.46,923.831388888889,37.91,114.24,350,13.2,570,1,114.24,37.91,2013,6
2.56,18.8728541226216,23.06,923.831388888889,37.91,114.24,350,13.2,570,1,114.24,37.91,2013,7
3.26,18.8728541226216,25.12,923.831388888889,37.91,114.24,350,13.2,570,1,114.24,37.91,2013,7
2.16,18.8728541226216,24.4,923.831388888889,37.91,114.24,350,13.2,570,1,114.24,37.91,2013,8
1.31,18.8728541226216,24.06,923.831388888889,37.91,114.24,350,13.2,570,1,114.24,37.91,2013,8
0.88,18.8728541226216,17.08,923.831388888889,37.91,114.24,350,13.2,570,1,114.24,37.91,2013,9
0.5,18.8728541226216,13.05,923.831388888889,37.91,114.24,350,13.2,570,1,114.24,37.91,2013,10
0.37,18.8728541226216,6.81,923.831388888889,37.91,114.24,350,13.2,570,1,114.24,37.91,2013,11
0.3,18.8728541226216,4.07,923.831388888889,37.91,114.24,350,13.2,570,1,114.24,37.91,2013,12
4.65,17.08,15.5542857142857,1114.84,28.42,104.58,889,16.3,1600,24,104.58,28.42,2016,5
5.11,20.59,15.5542857142857,923.831388888889,28.42,104.58,889,16.3,1600,24,104.58,28.42,2016,6
6.11,22.94,15.5542857142857,923.831388888889,28.42,104.58,889,16.3,1600,24,104.58,28.42,2016,7
6.56,23.57,15.5542857142857,923.831388888889,28.42,104.58,889,16.3,1600,24,104.58,28.42,2016,8
4.14,19.55,15.5542857142857,923.831388888889,28.42,104.58,889,16.3,1600,24,104.58,28.42,2016,9
3.26,17.22,15.5542857142857,923.831388888889,28.42,104.58,889,16.3,1600,24,104.58,28.42,2016,10
2.49,14.25,15.5542857142857,923.831388888889,28.42,104.58,889,16.3,1600,24,104.58,28.42,2016,11
1.49,9.81,15.5542857142857,923.831388888889,28.42,104.58,889,16.3,1600,24,104.58,28.42,2016,12
1.47,7.73,15.5542857142857,923.831388888889,28.42,104.58,889,16.3,1600,24,104.58,28.42,2017,1
1.5,8.03,15.5542857142857,923.831388888889,28.42,104.58,889,16.3,1600,24,104.58,28.42,2017,2
1.4,9.61,15.5542857142857,923.831388888889,28.42,104.58,889,16.3,1600,24,104.58,28.42,2017,3
2.66,14.72,15.5542857142857,923.831388888889,28.42,104.58,889,16.3,1600,24,104.58,28.42,2017,4
4.46,17.75,15.5542857142857,923.831388888889,28.42,104.58,889,16.3,1600,24,104.58,28.42,2017,5
5.1,19.47,15.5542857142857,923.831388888889,28.42,104.58,889,16.3,1600,24,104.58,28.42,2017,6
6.82,22.79,15.5542857142857,923.831388888889,28.42,104.58,889,16.3,1600,24,104.58,28.42,2017,7
4.8,23.08,15.5542857142857,923.831388888889,28.42,104.58,889,16.3,1600,24,104.58,28.42,2017,8
5.74,16.85,15.5542857142857,1406.36,28.42,104.58,896,16.3,1600,24,104.58,28.42,2016,5
5.95,20.35,15.5542857142857,923.831388888889,28.42,104.58,896,16.3,1600,24,104.58,28.42,2016,6
7.14,22.73,15.5542857142857,923.831388888889,28.42,104.58,896,16.3,1600,24,104.58,28.42,2016,7
8.4,23.55,15.5542857142857,923.831388888889,28.42,104.58,896,16.3,1600,24,104.58,28.42,2016,8
5.37,19.79,15.5542857142857,923.831388888889,28.42,104.58,896,16.3,1600,24,104.58,28.42,2016,9
4.23,17.56,15.5542857142857,923.831388888889,28.42,104.58,896,16.3,1600,24,104.58,28.42,2016,10
3.2,14.96,15.5542857142857,923.831388888889,28.42,104.58,896,16.3,1600,24,104.58,28.42,2016,11
1.91,10.49,15.5542857142857,923.831388888889,28.42,104.58,896,16.3,1600,24,104.58,28.42,2016,12
1.78,8.26,15.5542857142857,923.831388888889,28.42,104.58,896,16.3,1600,24,104.58,28.42,2017,1
1.93,8.37,15.5542857142857,923.831388888889,28.42,104.58,896,16.3,1600,24,104.58,28.42,2017,2
1.72,9.74,15.5542857142857,923.831388888889,28.42,104.58,896,16.3,1600,24,104.58,28.42,2017,3
3.22,14.41,15.5542857142857,923.831388888889,28.42,104.58,896,16.3,1600,24,104.58,28.42,2017,4
5.3,17.2,15.5542857142857,923.831388888889,28.42,104.58,896,16.3,1600,24,104.58,28.42,2017,5
6.3,19.21,15.5542857142857,923.831388888889,28.42,104.58,896,16.3,1600,24,104.58,28.42,2017,6
7.46,22.34,15.5542857142857,923.831388888889,28.42,104.58,896,16.3,1600,24,104.58,28.42,2017,7
5.96,22.85,15.5542857142857,923.831388888889,28.42,104.58,896,16.3,1600,24,104.58,28.42,2017,8
